CustomerID,Quantity,TotalAmount,Segment
12346,74215,77183.6,1
12347,2458,4310.0,0
12348,2341,1797.24,0
12349,631,1757.55,0
12350,197,334.4,0
12352,536,2506.04,0
12353,20,89.0,0
12354,530,1079.4,0
12355,240,459.4,0
12356,1591,2811.43,0
12357,2708,6207.67,0
12358,248,1168.06,0
12359,1622,6372.58,0
12360,1165,2662.06,0
12361,91,189.9,0
12362,2229,5226.23,0
12363,408,552.0,0
12364,1506,1313.1,0
12365,174,641.38,0
12367,173,168.9,0
12370,2353,3545.69,0
12371,591,1887.96,0
12372,794,1298.04,0
12373,197,364.6,0
12374,342,742.9300000000001,0
12375,178,457.5,0
12377,944,1628.12,0
12378,2529,4008.62,0
12379,407,852.24,0
12380,1127,2724.81,0
12381,808,1845.31,0
12383,1532,1850.56,0
12384,126,585.27,0
12386,354,401.9,0
12388,1462,2780.66,0
12390,353,549.84,0
12391,300,460.89,0
12393,816,1582.6000000000001,0
12394,819,1272.48,0
12395,2118,3018.63,0
12397,1263,2409.9,0
12398,1394,1635.6599999999999,0
12399,1178,1108.65,0
12401,11,84.3,0
12402,94,225.6,0
12403,96,427.7,0
12405,857,1710.39,0
12406,1818,3415.3,0
12407,1416,1708.1200000000001,0
12408,1409,2888.55,0
12409,5551,11072.67,0
12410,211,693.3299999999999,0
12412,829,1226.88,0
12413,286,758.1,0
12414,300,562.41,0
12415,77374,124914.53,1
12417,1552,3649.1,0
12418,407,668.58,0
12420,345,600.39,0
12421,484,807.04,0
12422,370,803.5600000000001,0
12423,1339,1859.31,0
12424,740,1760.96,0
12425,496,777.2,0
12426,258,582.73,0
12427,533,825.8,0
12428,3536,7956.46,0
12429,1557,3750.4,0
12430,117,256.4,0
12431,2906,6487.45,0
12432,1801,5059.32,0
12433,11071,13375.87,0
12434,394,806.14,0
12435,2055,7829.89,0
12436,211,509.01,0
12437,2922,4951.41,0
12438,1180,2906.85,0
12441,121,173.55,0
12442,182,172.06,0
12444,1153,5005.46,0
12445,62,133.4,0
12446,351,1002.3100000000001,0
12447,190,476.49,0
12448,243,449.45,0
12449,1553,4067.29,0
12450,128,197.88,0
12451,6575,9035.52,0
12452,185,430.57,0
12453,473,707.09,0
12454,1006,3528.34,0
12455,2089,2466.86,0
12456,1633,3181.04,0
12457,843,2363.23,0
12458,506,947.4,0
12461,287,826.88,0
12462,536,1189.59,0
12463,776,1344.78,0
12464,112,1212.05,0
12465,479,742.1899999999999,0
12468,366,729.5400000000001,0
12471,8212,19824.05,0
12472,4148,6572.11,0
12473,2439,3938.5499999999997,0
12474,4847,7375.79,0
12475,535,723.38,0
12476,2408,6816.42,0
12477,3653,13219.74,0
12478,236,680.99,0
12479,385,527.2,0
12480,1707,3281.63,0
12481,3304,5596.32,0
12483,1110,2484.98,0
12484,2191,4541.72,0
12488,529,1298.66,0
12489,105,334.93,0
12490,3064,5417.93,0
12491,260,460.40000000000003,0
12492,192,263.21000000000004,0
12493,207,433.74,0
12494,707,1246.1000000000001,0
12497,1236,1043.1,0
12498,159,403.70000000000005,0
12500,2678,4257.82,0
12501,1783,2169.39,0
12502,820,3723.87,0
12504,90,482.04999999999995,0
12506,23,73.5,0
12507,894,1304.81,0
12508,272,398.27,0
12509,55,176.5,0
12510,353,982.5699999999999,0
12512,99,138.03,0
12513,462,612.29,0
12514,440,1017.68,0
12515,131,383.7,0
12516,875,1312.06,0
12517,1371,2502.84,0
12518,1318,2056.89,0
12519,183,340.84,0
12520,1439,2634.26,0
12521,309,599.68,0
12522,194,192.72,0
12523,865,1789.77,0
12524,3699,4485.72,0
12526,632,1316.66,0
12527,234,348.71000000000004,0
12528,756,1933.48,0
12530,913,1662.28,0
12531,45,125.22,0
12532,153,349.83000000000004,0
12534,651,1089.18,0
12535,219,716.35,0
12536,2803,12601.830000000002,0
12538,191,363.95,0
12539,2067,5568.35,0
12540,6685,13400.24,0
12541,680,981.18,0
12544,136,372.7,0
12545,523,1000.39,0
12546,633,1161.5,0
12547,134,207.79999999999998,0
12548,49,95.19999999999999,0
12550,569,964.83,0
12551,100,168.0,0
12552,88,437.82,0
12553,1965,3692.28,0
12556,358,603.71,0
12557,4384,11990.960000000001,0
12558,196,269.96,0
12559,283,561.71,0
12560,1110,2134.01,0
12561,177,238.85,0
12562,1779,3781.7400000000002,0
12564,133,456.9,0
12565,80,145.92,0
12566,265,351.65,0
12567,4305,9401.28,0
12569,1801,4124.69,0
12571,523,519.61,0
12572,452,1020.42,0
12573,84,160.54000000000002,0
12574,61,218.45,0
12576,967,1315.83,0
12577,472,657.8,0
12578,1196,2794.51,0
12579,285,440.42,0
12580,238,415.7,0
12581,161,197.71,0
12582,300,511.36,0
12583,5060,7281.38,0
12584,416,2338.15,0
12585,1279,2040.1,0
12586,79,196.94000000000003,0
12587,51,144.0,0
12588,53,214.89999999999998,0
12589,306,646.68,0
12590,4283,9864.26,0
12591,228,452.84999999999997,0
12592,290,437.6,0
12593,206,418.09999999999997,0
12594,1777,3338.2200000000003,0
12596,474,618.27,0
12597,2236,3811.22,0
12598,1964,3023.08,0
12599,956,1032.58,0
12600,774,2599.04,0
12601,245,577.0600000000001,0
12602,162,153.12,0
12603,63,739.1999999999999,0
12604,201,254.18,0
12607,1228,1579.51,0
12609,648,1126.85,0
12610,1049,2099.54,0
12611,846,1193.32,0
12612,262,704.0400000000001,0
12613,1644,3344.38,0
12614,76,315.6,0
12615,1376,2291.19,0
12616,284,713.3,0
12617,213,355.53,0
12618,96,177.31,0
12619,3378,3641.24,0
12620,1181,1339.41,0
12621,7440,13689.67,0
12622,69,180.1,0
12623,191,305.1,0
12624,355,641.13,0
12625,1612,2683.82,0
12626,3453,6620.48,0
12627,2752,4478.53,0
12628,448,786.46,0
12630,548,1270.88,0
12631,236,640.5,0
12633,1162,2163.98,0
12635,1172,1689.18,0
12637,3002,6021.9,0
12638,577,671.69,0
12639,201,486.1,0
12640,311,1174.58,0
12641,72,185.9,0
12642,552,1013.26,0
12643,1808,3344.64,0
12644,325,477.91,0
12645,1084,1775.18,0
12646,897,1346.97,0
12647,1431,3722.82,0
12648,160,318.05,0
12649,586,623.51,0
12650,254,314.44,0
12651,78,114.0,0
12652,505,919.98,0
12653,919,2209.85,0
12654,264,601.98,0
12656,1723,4051.17,0
12657,1044,1643.18,0
12658,320,686.05,0
12659,105,91.68,0
12660,127,245.1,0
12662,2058,3849.78,0
12664,1203,4881.88,0
12665,37,63.0,0
12667,395,620.13,0
12668,1634,3807.15,0
12669,1115,2744.0299999999997,0
12670,1397,2996.05,0
12672,78,225.89999999999998,0
12673,351,610.52,0
12674,1133,1970.6,0
12676,670,1331.39,0
12678,10923,17628.46,0
12679,554,1113.02,0
12680,443,862.81,0
12681,7536,13787.54,0
12682,5575,12288.22,0
12683,4987,8476.57,0
12684,1985,2283.63,0
12685,1523,2863.08,0
12686,107,89.14,0
12688,3028,4873.8099999999995,0
12689,628,1247.61,0
12690,106,389.01,0
12691,394,1035.8,0
12693,255,855.91,0
12694,509,869.67,0
12695,220,582.1,0
12697,508,957.59,0
12700,2967,4939.99,0
12701,678,797.71,0
12702,53,219.0,0
12703,164,283.55,0
12704,1006,2340.84,0
12705,3997,6868.29,0
12707,256,603.42,0
12708,1307,2712.91,0
12709,3936,9736.52,0
12710,851,1149.02,0
12712,1062,4396.13,0
12713,508,848.55,0
12714,3069,4708.86,0
12715,197,353.86,0
12716,708,1053.49,0
12717,506,1030.98,0
12718,203,238.25,0
12719,374,644.95,0
12720,4672,5781.73,0
12721,1959,2656.13,0
12722,566,997.63,0
12723,434,725.07,0
12724,445,1031.41,0
12725,164,427.8,0
12726,3143,2609.1,0
12727,2098,3980.7,0
12728,419,836.33,0
12729,233,453.01,0
12731,8437,18895.91,0
12732,111,236.26000000000002,0
12733,137,383.95,0
12734,88,110.39999999999999,0
12735,368,779.5699999999999,0
12736,173,234.0,0
12738,148,155.35,0
12739,486,1013.04,0
12740,342,427.6,0
12743,319,546.43,0
12744,5241,21279.29,0
12747,1275,4196.01,0
12748,25747,33719.73,2
12749,1471,4090.88,0
12750,137,275.88,0
12752,2262,4366.78,0
12753,11421,21429.39,0
12754,6481,3010.74,0
12755,1491,3811.95,0
12756,144,112.07999999999998,0
12757,2402,7857.1,0
12758,2135,2791.59,0
12759,902,1531.44,0
12762,1227,1898.52,0
12763,316,494.08,0
12764,386,1693.88,0
12766,3646,6989.63,0
12769,356,1143.6,0
12770,743,1351.45,0
12772,556,892.47,0
12775,877,1386.04,0
12778,825,822.23,0
12779,2024,3981.36,0
12781,671,826.74,0
12782,1086,2330.92,0
12783,624,2225.91,0
12784,300,574.42,0
12785,131,311.95,0
12787,261,463.66,0
12789,4,91.85,0
12790,166,324.92,0
12791,97,192.60000000000002,0
12792,217,400.53999999999996,0
12793,295,545.48,0
12794,592,860.41,0
12795,68,430.48,0
12797,118,254.03,0
12798,5256,6977.04,0
12802,314,427.58,0
12808,188,483.65000000000003,0
12809,220,489.31,0
12811,230,514.85,0
12812,164,229.64000000000001,0
12814,49,125.92,0
12815,379,1063.46,0
12816,128,572.2,0
12817,53,166.04,0
12818,929,1542.08,0
12820,722,942.34,0
12821,70,92.72,0
12822,550,948.88,0
12823,230,1759.5,0
12824,232,397.12,0
12826,1058,1474.72,0
12827,197,430.15000000000003,0
12828,494,1018.71,0
12829,376,293.0,0
12830,9848,6814.64,0
12831,135,215.05,0
12832,195,383.03,0
12833,156,417.38,0
12834,110,312.38,0
12836,1064,2612.86,0
12837,24,134.1,0
12838,359,683.13,0
12839,3807,5591.42,0
12840,1511,2726.77,0
12841,2757,4022.35,0
12842,547,1118.99,0
12843,781,1702.26,0
12844,125,325.96000000000004,0
12845,204,354.09,0
12847,909,871.54,0
12849,623,1050.8899999999999,0
12851,109,135.18,0
12852,149,311.55,0
12853,800,1957.1000000000001,0
12854,627,1324.5,0
12855,30,38.1,0
12856,1079,2179.93,0
12857,343,1106.4,0
12863,188,521.2,0
12864,216,147.12,0
12865,925,1568.23,0
12866,171,559.12,0
12867,4298,4036.82,0
12868,928,1607.0600000000002,0
12871,200,380.64,0
12872,319,599.97,0
12873,128,374.0,0
12875,2019,343.2300000000001,0
12876,1941,2218.02,0
12877,1178,1535.77,0
12878,547,854.99,0
12879,370,573.22,0
12881,21,298.0,0
12882,246,1463.04,0
12883,196,703.47,0
12884,43,309.05,0
12885,655,1175.22,0
12886,770,1378.4,0
12888,76,354.12,0
12890,259,380.46999999999997,0
12891,950,331.0,0
12893,96,188.14,0
12895,210,372.8,0
12897,110,216.5,0
12901,23075,17654.54,2
12902,66,138.68,0
12904,302,509.58,0
12906,1749,2919.81,0
12908,1200,750.0,0
12909,1280,2178.67,0
12910,1692,3075.04,0
12912,670,1662.3,0
12913,1419,2483.63,0
12915,93,363.65,0
12916,1119,3006.15,0
12917,120,594.0,0
12919,673,1335.19,0
12920,129,164.23,0
12921,9526,16587.09,0
12922,370,405.38,0
12923,69,176.97,0
12924,481,933.7,0
12925,541,694.05,0
12928,1472,2062.7000000000003,0
12929,37,117.85,0
12930,252,415.8,0
12931,28004,42055.96,2
12933,499,607.53,0
12935,1853,2160.7,0
12936,559,1063.9,0
12937,1007,1504.27,0
12938,140,114.14,0
12939,4876,11581.8,0
12940,411,913.54,0
12942,203,683.9,0
12944,289,604.51,0
12945,165,462.95,0
12947,1165,1603.99,0
12948,1080,2064.95,0
12949,2381,4167.22,0
12950,1380,1843.0,0
12951,503,1064.07,0
12952,653,1387.79,0
12953,84,329.85,0
12955,3664,4757.16,0
12956,34,108.07,0
12957,2549,4017.54,0
12962,129,266.39,0
12963,881,1856.63,0
12965,283,771.91,0
12966,75,160.18,0
12967,438,1660.9,0
12968,73,135.95,0
12970,310,452.24,0
12971,9289,11189.91,0
12974,24,144.8,0
12976,561,738.6,0
12977,12,39.239999999999995,0
12980,886,7374.900000000001,0
12981,242,372.21999999999997,0
12982,288,390.54,0
12984,26,97.5,0
12985,1533,1239.38,0
12987,219,558.7,0
12988,136,535.32,0
12989,2943,6924.110000000001,0
12990,200,409.5,0
12991,405,503.76,0
12993,240,414.76,0
12994,459,974.4200000000001,0
12995,108,211.32,0
12997,664,1226.89,0
12999,342,455.88,0
13000,379,534.85,0
13001,5505,9818.82,0
13002,73,120.94999999999999,0
13003,103,149.05,0
13004,4822,5655.91,0
13005,172,513.7,0
13006,55,81.57,0
13008,175,229.46999999999997,0
13011,13,50.550000000000004,0
13012,824,1661.8400000000001,0
13013,2224,4810.9400000000005,0
13014,905,3466.2799999999997,0
13015,1617,3346.28,0
13016,527,789.89,0
13017,48,204.0,0
13018,5435,7277.7,0
13021,1352,2616.38,0
13023,286,689.9,0
13026,1620,975.36,0
13027,17280,6912.0,0
13028,798,661.3199999999999,0
13029,134,1247.5,0
13030,394,799.48,0
13032,375,1010.18,0
13033,83,190.55,0
13034,369,642.77,0
13035,644,921.88,0
13037,431,881.07,0
13038,360,908.46,0
13040,355,676.99,0
13043,254,516.42,0
13044,429,560.47,0
13045,221,305.28000000000003,0
13046,264,629.31,0
13047,1391,3237.54,0
13048,1238,1835.91,0
13049,268,656.6800000000001,0
13050,3748,5836.86,0
13052,222,348.15000000000003,0
13055,894,1214.41,0
13058,52,271.40000000000003,0
13059,35,183.4,0
13060,123,307.53,0
13061,107,248.61,0
13062,343,346.98,0
13064,516,1119.49,0
13065,74,205.86,0
13066,322,470.8,0
13067,32,115.46000000000001,0
13068,200,344.0,0
13069,5885,4436.12,0
13070,110,228.8,0
13072,69,177.15,0
13075,485,919.61,0
13077,863,729.27,0
13078,5630,12627.94,0
13079,62,220.10000000000002,0
13080,120,58.08,0
13081,19068,28337.38,2
13082,4324,3613.63,0
13083,187,303.75,0
13085,216,416.08000000000004,0
13089,31070,58825.83,2
13090,2263,8910.82,0
13091,466,345.82,0
13092,279,477.83,0
13093,3961,7832.47,0
13094,1716,1927.3200000000002,0
13095,144,74.39999999999999,0
13097,2363,6010.42,0
13098,15968,28882.44,2
13099,288,207.35999999999999,0
13101,113,101.19,0
13102,4204,6424.09,0
13103,82,243.94,0
13104,504,1098.48,0
13106,18,76.5,0
13107,1293,1531.6200000000001,0
13108,298,350.06,0
13109,520,786.54,0
13110,388,1488.67,0
13113,3045,12245.960000000001,0
13115,1567,2294.78,0
13116,291,501.14,0
13117,945,984.91,0
13118,410,1197.81,0
13120,12,30.599999999999998,0
13121,252,283.73,0
13122,585,922.39,0
13124,2147,3866.33,0
13126,2143,2099.64,0
13127,127,259.17,0
13130,32,64.0,0
13131,447,1073.3,0
13132,20,77.3,0
13133,32,109.8,0
13134,1059,1793.58,0
13135,4300,3096.0,0
13136,1328,2607.61,0
13137,2226,3650.41,0
13138,473,962.39,0
13139,2425,5064.94,0
13140,186,423.72,0
13141,1548,2388.75,0
13142,258,307.09,0
13144,21,110.95,0
13145,145,618.52,0
13146,154,228.91,0
13147,144,712.8000000000001,0
13148,1975,3707.12,0
13149,1280,1676.06,0
13151,363,1257.8700000000001,0
13153,418,486.22,0
13155,497,971.76,0
13157,1439,1741.22,0
13158,784,1201.06,0
13159,1059,1437.85,0
13160,56,91.8,0
13161,29,112.75,0
13162,1713,1688.29,0
13165,1376,1021.48,0
13166,216,417.2,0
13167,785,791.33,0
13168,682,1319.19,0
13169,272,712.88,0
13170,147,116.00999999999999,0
13171,229,468.41,0
13173,277,353.65,0
13174,1395,2817.03,0
13176,453,492.84,0
13177,91,282.45,0
13178,3570,5725.47,0
13182,201,121.18,0
13183,2208,3957.78,0
13184,1692,1701.29,0
13185,12,71.4,0
13186,820,1575.89,0
13187,95,236.02,0
13188,25,114.60000000000001,0
13189,842,260.68,0
13192,595,911.94,0
13193,50,117.88,0
13194,26,60.7,0
13196,1224,1797.78,0
13198,2648,3401.2400000000002,0
13199,6176,9817.12,0
13200,516,870.09,0
13203,800,869.46,0
13207,130,250.26000000000002,0
13208,804,1223.9,0
13209,4253,5891.61,0
13210,316,353.48,0
13211,874,1197.42,0
13212,310,788.08,0
13213,1360,1520.58,0
13216,297,333.74,0
13217,262,533.98,0
13218,88,62.63999999999999,0
13220,196,819.2900000000001,0
13221,244,847.41,0
13223,88,163.20000000000002,0
13224,1518,2155.95,0
13225,3416,6463.84,0
13226,80,108.21000000000001,0
13227,99,257.7,0
13228,200,358.0,0
13229,63,160.95,0
13230,1665,2806.97,0
13232,778,1357.6,0
13233,1004,605.12,0
13235,441,1031.07,0
13236,416,744.85,0
13238,298,700.73,0
13239,327,329.56,0
13240,298,663.65,0
13242,130,270.40000000000003,0
13243,233,600.07,0
13244,38,121.74000000000001,0
13245,125,430.5,0
13246,1602,1987.3,0
13247,328,501.12,0
13248,305,465.68,0
13249,546,711.41,0
13253,1572,1030.4,0
13255,177,399.51,0
13258,287,698.58,0
13259,132,292.32,0
13260,142,557.62,0
13261,210,944.1,0
13262,125,200.29,0
13263,4780,7454.07,0
13265,1752,2107.66,0
13266,4428,3834.2599999999998,0
13267,1969,4521.49,0
13268,3658,3214.69,0
13269,3514,5346.2300000000005,0
13270,200,590.0,0
13271,253,217.38,0
13272,96,276.56,0
13273,153,138.98,0
13276,161,590.9300000000001,0
13277,176,258.4,0
13278,537,542.73,0
13279,73,137.75,0
13280,522,814.86,0
13282,307,1132.14,0
13283,90,93.66,0
13284,91,201.19,0
13285,2051,2709.12,0
13291,233,361.11,0
13292,347,578.9399999999999,0
13294,453,873.74,0
13295,82,201.20000000000002,0
13296,78,87.4,0
13297,963,2089.85,0
13298,96,360.0,0
13299,30,142.5,0
13300,203,371.89,0
13301,345,618.09,0
13302,5,63.75,0
13304,238,300.42,0
13305,1232,2000.86,0
13307,4,15.0,0
13308,843,1385.51,0
13309,1544,1456.79,0
13310,587,1132.03,0
13311,305,598.57,0
13313,851,1555.32,0
13314,560,775.94,0
13316,6948,5977.7300000000005,0
13317,1035,2273.68,0
13318,304,640.76,0
13319,4724,10845.550000000001,0
13320,1096,1548.7,0
13321,372,567.36,0
13322,117,199.48000000000002,0
13323,175,787.85,0
13324,5205,7121.95,0
13325,240,675.3,0
13327,1600,3627.77,0
13328,680,1308.48,0
13329,463,789.0,0
13330,751,1140.93,0
13332,179,350.9,0
13334,1774,3536.82,0
13336,559,795.12,0
13338,256,487.02,0
13339,326,860.12,0
13340,5770,10736.48,0
13341,301,775.85,0
13343,135,353.43,0
13344,971,2543.72,0
13345,141,389.5,0
13347,205,341.36,0
13348,136,233.76,0
13349,225,247.32,0
13350,287,979.12,0
13351,117,373.94,0
13352,321,397.97999999999996,0
13354,604,743.53,0
13355,314,674.7,0
13356,325,768.24,0
13357,322,609.95,0
13358,285,439.03,0
13359,161,439.56,0
13362,1382,3090.7400000000002,0
13363,710,992.5,0
13364,71,134.95999999999998,0
13365,1247,2225.37,0
13366,144,56.160000000000004,0
13368,327,623.4,0
13369,149,308.28000000000003,0
13370,343,754.87,0
13372,159,378.64,0
13373,1651,3312.25,0
13375,442,778.65,0
13376,493,1019.76,0
13379,601,572.56,0
13381,2029,3639.31,0
13382,131,222.99,0
13384,2422,4151.93,0
13385,281,534.57,0
13388,282,677.1,0
13389,429,797.96,0
13390,224,544.08,0
13391,4,59.8,0
13394,2392,2520.02,0
13395,336,307.72,0
13396,600,1360.99,0
13397,430,1544.13,0
13398,281,457.34,0
13402,479,621.23,0
13403,44,75.0,0
13404,111,252.49,0
13405,165,572.451,0
13408,16232,28117.04,2
13410,518,1003.06,0
13411,72,213.55,0
13414,1574,1390.5,0
13416,142,712.5,0
13417,162,640.83,0
13418,3918,6127.43,0
13419,275,221.06,0
13420,101,159.85,0
13421,1181,1851.08,0
13422,1326,2626.3,0
13425,1123,1624.21,0
13426,2245,3641.32,0
13427,545,582.6,0
13428,156,218.47,0
13429,1390,1006.8,0
13430,751,679.45,0
13431,672,1269.1,0
13434,300,534.24,0
13435,2129,3809.8900000000003,0
13436,76,196.89,0
13437,1283,3408.06,0
13439,242,283.71,0
13441,204,296.64,0
13447,584,1129.14,0
13448,1660,3539.37,0
13449,222,291.88,0
13450,1982,2043.7199999999998,0
13451,2149,2976.15,0
13452,2,590.0,0
13453,134,356.97999999999996,0
13455,354,1058.34,0
13456,765,1766.72,0
13458,5508,9646.57,0
13460,286,183.44,0
13461,1170,1445.0,0
13462,62,151.5,0
13464,403,674.68,0
13466,259,307.9,0
13467,584,1083.71,0
13468,2589,5704.97,0
13470,100,165.0,0
13471,1590,2531.58,0
13473,266,422.64,0
13474,132,229.59,0
13475,1012,1431.78,0
13476,417,1238.47,0
13477,1021,1454.58,0
13479,134,300.95,0
13481,1142,1804.56,0
13482,116,184.64,0
13483,160,140.34,0
13484,44,313.8,0
13485,277,454.24,0
13486,669,1122.41,0
13487,265,575.4,0
13488,4518,8968.31,0
13489,560,449.52,0
13491,903,1215.82,0
13492,408,1269.84,0
13493,380,618.63,0
13494,162,316.26000000000005,0
13495,829,2044.8700000000001,0
13496,341,653.33,0
13497,163,348.05,0
13499,1365,1159.11,0
13500,609,1166.77,0
13501,560,1340.32,0
13502,264,292.0,0
13503,248,216.85,0
13504,178,295.93,0
13505,2486,4393.63,0
13506,324,458.52,0
13507,1597,2479.16,0
13508,24,110.97,0
13509,1106,979.72,0
13510,1386,1791.56,0
13512,143,251.21,0
13513,109,205.1,0
13514,40,152.20000000000002,0
13515,681,891.12,0
13516,985,1389.41,0
13517,1369,2128.42,0
13518,392,659.4399999999999,0
13519,23,122.75,0
13520,1649,3624.35,0
13521,736,1093.65,0
13522,44,125.80000000000001,0
13523,1752,3964.88,0
13524,324,680.1800000000001,0
13525,394,628.78,0
13527,1692,2287.51,0
13529,74,307.76,0
13531,174,483.8,0
13532,129,210.31,0
13533,204,270.79,0
13534,2961,5870.08,0
13536,2136,3448.29,0
13538,175,1280.85,0
13539,320,631.34,0
13544,127,291.41,0
13546,359,626.99,0
13548,441,682.41,0
13549,458,918.2,0
13551,12,91.80000000000001,0
13552,1417,3740.07,0
13555,2660,4149.28,0
13557,546,584.06,0
13558,344,605.06,0
13560,64,174.37,0
13561,83,141.85999999999999,0
13562,757,1799.33,0
13563,209,777.53,0
13564,661,1749.02,0
13565,172,240.22,0
13566,575,874.71,0
13568,70,192.85,0
13569,164,373.75,0
13570,161,239.49,0
13571,1759,2092.32,0
13572,534,1384.25,0
13573,303,294.4,0
13575,449,732.0699999999999,0
13576,2646,6717.34,0
13577,791,1687.6000000000001,0
13579,176,467.04,0
13581,30,118.0,0
13583,725,781.03,0
13584,37,142.4,0
13587,180,712.4,0
13588,2606,2478.95,0
13589,114,379.65,0
13590,1848,1981.92,0
13591,485,1117.13,0
13592,84,247.95999999999998,0
13593,731,2037.0800000000002,0
13594,359,396.97,0
13596,406,697.04,0
13598,58,180.17000000000002,0
13599,3294,5153.67,0
13600,324,219.52,0
13601,548,693.32,0
13602,267,428.89,0
13603,164,164.34,0
13606,279,280.53999999999996,0
13607,290,678.01,0
13610,516,1131.88,0
13611,766,1171.8,0
13614,570,1610.46,0
13615,189,417.69,0
13617,300,544.18,0
13618,246,177.34,0
13621,343,213.85,0
13623,294,747.78,0
13626,209,257.23,0
13627,1269,1638.47,0
13629,4372,7792.36,0
13630,1391,2031.78,0
13631,467,3070.42,0
13632,1037,2121.27,0
13634,704,1575.16,0
13635,677,1071.03,0
13636,592,949.12,0
13637,409,810.5,0
13638,93,122.64,0
13639,800,1033.34,0
13642,173,354.8,0
13643,273,519.44,0
13644,2067,2624.26,0
13645,158,252.1,0
13647,895,1678.1200000000001,0
13649,139,346.6,0
13650,922,1836.34,0
13651,33,94.2,0
13652,578,1095.08,0
13654,2182,2707.33,0
13655,605,932.97,0
13656,490,379.65,0
13657,209,382.14,0
13658,1019,2639.17,0
13659,894,1573.2,0
13662,543,897.76,0
13663,91,189.47,0
13666,41,84.65,0
13667,154,305.02,0
13668,3742,6363.59,0
13669,237,218.55,0
13670,282,349.7,0
13672,57,186.39000000000001,0
13673,119,396.92,0
13675,330,486.82000000000005,0
13678,924,232.6,0
13680,1936,3722.42,0
13681,360,827.83,0
13682,10,59.5,0
13684,39,67.23,0
13685,5056,3119.44,0
13686,70,72.0,0
13689,512,910.0,0
13690,67,172.25,0
13692,1226,1488.32,0
13694,63312,65039.62,2
13695,1603,2504.13,0
13697,177,151.29999999999998,0
13699,66,308.58000000000004,0
13700,2304,2265.12,0
13703,10,99.5,0
13704,1531,2308.06,0
13705,363,711.86,0
13706,189,330.79,0
13707,351,806.41,0
13708,306,296.88,0
13709,3516,6328.05,0
13710,176,180.48,0
13711,140,252.06,0
13712,352,228.84,0
13715,563,1079.34,0
13716,138,138.28,0
13717,1959,1445.01,0
13718,173,306.55,0
13719,609,1041.68,0
13720,501,799.9,0
13721,316,524.14,0
13722,1401,2375.41,0
13723,43,199.85000000000002,0
13725,806,1980.56,0
13726,1054,1079.6599999999999,0
13727,162,333.48,0
13728,458,1016.14,0
13730,488,752.6,0
13731,278,610.59,0
13732,498,491.86,0
13735,1130,2885.2400000000002,0
13736,497,731.9,0
13737,125,339.59999999999997,0
13739,54,216.9,0
13740,425,350.75,0
13741,218,668.4300000000001,0
13742,1124,3131.02,0
13743,1776,1341.6,0
13744,1249,1156.36,0
13745,496,300.04,0
13747,8,79.6,0
13748,439,948.25,0
13750,516,1647.26,0
13751,152,296.25,0
13752,876,1186.28,0
13753,512,741.26,0
13754,214,282.59999999999997,0
13755,1264,2161.35,0
13756,3188,5189.52,0
13758,1844,3190.55,0
13759,287,659.4100000000001,0
13760,197,286.79,0
13761,642,1070.65,0
13762,272,306.72,0
13763,728,1714.96,0
13764,932,1521.76,0
13767,7322,17220.36,0
13769,1163,2796.51,0
13771,1477,2634.45,0
13772,546,1132.13,0
13774,192,345.0,0
13777,12897,25977.16,2
13778,70,178.7,0
13780,318,360.01,0
13781,30,127.84,0
13782,371,912.0,0
13784,2493,2462.79,0
13786,136,230.39999999999998,0
13787,337,309.04,0
13790,748,348.8,0
13791,1200,1516.0,0
13792,92,195.55,0
13798,23948,37153.85,2
13799,402,688.86,0
13800,331,558.32,0
13801,168,324.8,0
13802,2572,4599.42,0
13803,121,277.07,0
13804,1498,2635.79,0
13805,1900,924.6,0
13806,56,256.38,0
13807,36,112.6,0
13808,782,1747.66,0
13809,29,155.05,0
13810,312,1499.01,0
13811,68,814.5,0
13812,333,539.0,0
13813,552,1366.8600000000001,0
13814,864,1579.12,0
13815,2560,4027.36,0
13816,269,571.6700000000001,0
13817,211,382.98,0
13819,1109,1140.35,0
13821,153,385.64,0
13822,611,632.0,0
13823,439,957.66,0
13824,768,1698.94,0
13826,82,189.5,0
13827,141,412.05,0
13828,311,209.49,0
13831,745,2202.99,0
13832,28,52.199999999999996,0
13833,118,384.8,0
13835,442,834.57,0
13837,183,271.24,0
13838,263,691.73,0
13841,100,85.0,0
13842,1768,3385.62,0
13844,196,361.62,0
13845,182,312.98,0
13846,388,865.0600000000001,0
13848,3700,1255.0,0
13849,1016,1537.95,0
13850,944,1595.48,0
13851,1705,2651.46,0
13853,312,1090.14,0
13854,2296,8109.5199999999995,0
13856,494,388.5,0
13858,75,216.17,0
13859,129,201.16,0
13860,591,1245.9,0
13862,1688,2209.36,0
13863,224,305.78,0
13865,204,501.56,0
13866,57,145.67000000000002,0
13867,513,1015.29,0
13868,1964,3192.54,0
13869,1721,3104.95,0
13870,1325,2770.94,0
13871,2806,6403.25,0
13873,140,389.6,0
13874,180,540.45,0
13875,1316,1786.79,0
13876,36,122.7,0
13877,108,117.24,0
13878,475,1281.53,0
13880,1842,3219.77,0
13881,10118,17159.52,0
13882,953,1191.13,0
13883,1436,2674.48,0
13884,300,787.6,0
13885,182,506.8,0
13886,126,243.56,0
13887,147,349.55,0
13888,258,605.63,0
13889,146,416.90000000000003,0
13890,831,1883.8100000000002,0
13892,983,632.97,0
13893,190,821.1,0
13894,354,564.62,0
13895,1365,2593.07,0
13897,200,311.16,0
13898,133,155.93,0
13899,156,388.52,0
13900,430,740.95,0
13901,1739,2867.2,0
13904,332,332.64,0
13908,1478,2369.55,0
13911,2731,2580.91,0
13914,380,626.45,0
13917,228,272.04,0
13918,1140,1212.8400000000001,0
13919,474,384.81,0
13922,93,172.25,0
13923,185,351.13,0
13924,1575,1838.8500000000001,0
13925,331,678.25,0
13926,104,223.85000000000002,0
13927,214,348.99,0
13928,129,464.57,0
13929,143,842.65,0
13930,274,337.34,0
13931,725,1237.53,0
13932,72,307.4,0
13933,205,608.7900000000001,0
13934,390,922.1,0
13936,330,376.58,0
13937,123,158.85,0
13938,70,71.66,0
13939,847,568.55,0
13940,516,839.14,0
13941,2364,5112.96,0
13946,443,561.5699999999999,0
13947,44,90.6,0
13948,40,102.0,0
13949,2474,2427.32,0
13950,323,745.06,0
13951,459,674.45,0
13952,1431,3251.071,0
13953,2724,3515.68,0
13954,150,439.92,0
13955,154,322.96,0
13956,491,1026.42,0
13959,357,598.2,0
13960,142,230.22,0
13962,87,169.55,0
13963,460,664.54,0
13967,42,80.7,0
13969,4542,9053.94,0
13971,1844,2758.26,0
13972,187,190.25,0
13973,109,264.7,0
13974,249,413.59000000000003,0
13975,1732,2526.28,0
13976,154,357.98,0
13978,315,196.79000000000002,0
13979,639,869.87,0
13980,172,200.14,0
13982,1136,1871.81,0
13983,1183,2603.43,0
13984,679,920.51,0
13985,3445,7060.13,0
13986,430,320.46,0
13988,3044,4147.96,0
13989,1313,1266.08,0
13990,190,311.3,0
13991,998,855.97,0
13992,64,76.8,0
13993,900,3466.36,0
13994,940,2313.14,0
13995,879,1393.69,0
13999,2243,3901.81,0
14000,710,635.66,0
14001,962,2043.0800000000002,0
14002,877,529.73,0
14004,2668,4582.64,0
14005,2478,2874.72,0
14006,641,962.19,0
14009,365,695.61,0
14012,160,328.8,0
14013,462,473.02,0
14014,1076,505.18,0
14015,378,917.34,0
14016,2125,4341.21,0
14019,1037,1421.61,0
14020,441,642.8,0
14021,192,631.9,0
14022,487,440.0,0
14023,345,584.07,0
14024,150,327.7,0
14027,62,104.82,0
14029,198,467.66,0
14030,1479,2360.09,0
14031,5788,17286.86,0
14032,2032,2975.59,0
14034,423,651.8199999999999,0
14035,739,1428.02,0
14036,268,626.65,0
14037,46,147.20000000000002,0
14038,965,1560.38,0
14039,92,152.2,0
14040,1554,3614.92,0
14041,94,141.41,0
14044,308,652.82,0
14045,535,1659.75,0
14046,460,154.99,0
14047,381,1308.6100000000001,0
14048,288,409.93,0
14049,3870,5681.72,0
14050,689,746.36,0
14051,3756,15610.390000000001,0
14052,89,225.36,0
14053,215,260.25,0
14054,62,92.46,0
14055,216,725.6400000000001,0
14056,4273,8214.65,0
14057,4876,6217.96,0
14059,128,183.6,0
14060,5386,6140.42,0
14062,5593,10464.85,0
14064,1788,1353.74,0
14066,45,152.55,0
14067,361,374.7,0
14068,73,265.85,0
14071,995,1438.82,0
14073,130,151.04,0
14075,754,942.26,0
14076,81,122.47,0
14077,268,499.41999999999996,0
14078,310,1049.37,0
14079,301,375.1,0
14080,48,45.599999999999994,0
14081,596,934.52,0
14082,110,182.25,0
14083,732,1018.43,0
14085,3184,4448.54,0
14087,251,194.42,0
14088,12665,50491.81,2
14089,134,161.0,0
14090,72,76.32000000000001,0
14092,2066,4076.91,0
14093,406,442.85,0
14096,16352,65164.79,2
14098,104,147.35,0
14099,2179,3104.17,0
14100,64,194.9,0
14101,6942,5976.79,0
14102,961,1360.28,0
14104,72,216.20999999999998,0
14105,800,1266.23,0
14107,1793,2703.23,0
14108,381,597.91,0
14109,88,144.2,0
14110,2445,5683.15,0
14111,458,692.85,0
14112,1651,2915.15,0
14113,745,1840.42,0
14114,101,386.53,0
14116,707,1382.74,0
14117,72,90.0,0
14121,2082,2780.15,0
14124,1618,419.58000000000004,0
14125,1640,2740.43,0
14126,508,706.1300000000001,0
14127,321,709.71,0
14128,564,637.5,0
14129,592,1123.8600000000001,0
14130,258,483.86,0
14132,3368,3586.0299999999997,0
14133,348,605.64,0
14135,3850,4690.31,0
14138,610,982.3800000000001,0
14139,510,415.82,0
14140,811,935.05,0
14141,355,915.13,0
14142,313,311.81,0
14143,30,115.8,0
14145,756,3742.2,0
14146,2437,4191.0,0
14147,108,483.4,0
14148,16,157.2,0
14149,218,446.62,0
14150,496,658.64,0
14152,711,621.29,0
14154,465,1345.62,0
14155,25,118.75,0
14156,57885,117379.63,1
14157,284,432.88,0
14158,781,507.66,0
14159,4408,4693.01,0
14161,455,1110.52,0
14162,142,289.36,0
14163,893,2445.91,0
14164,1033,1631.77,0
14165,54,122.53999999999999,0
14167,150,574.84,0
14171,167,363.79,0
14173,150,450.84,0
14174,94,134.46,0
14175,1515,3222.3,0
14176,209,576.9000000000001,0
14177,205,559.41,0
14178,1505,1620.93,0
14179,330,719.78,0
14180,719,4748.52,0
14184,127,452.89,0
14185,6,197.65,0
14188,1162,2054.36,0
14189,3937,4654.08,0
14191,3662,4684.76,0
14193,445,853.39,0
14194,5840,11349.52,0
14195,760,1012.0,0
14196,142,335.52,0
14198,290,701.4,0
14199,28,185.39999999999998,0
14201,590,747.44,0
14204,82,161.03,0
14205,204,466.7,0
14206,276,328.15999999999997,0
14208,114,151.74,0
14209,691,2073.43,0
14210,760,1905.8400000000001,0
14211,1242,2241.1,0
14212,1152,1070.48,0
14214,751,1004.38,0
14215,1358,1789.72,0
14216,594,1839.3,0
14217,689,2004.98,0
14218,160,169.48000000000002,0
14219,78,89.94,0
14220,272,632.4,0
14221,2191,3432.8,0
14222,607,683.17,0
14223,585,991.13,0
14224,514,1050.12,0
14226,1308,2232.19,0
14227,1820,3350.96,0
14229,610,1547.2,0
14231,409,925.71,0
14232,1941,2048.07,0
14233,680,1462.72,0
14234,963,775.46,0
14235,1959,3144.86,0
14236,310,490.86,0
14237,38,161.0,0
14238,111,146.85,0
14239,993,2380.85,0
14240,418,890.34,0
14241,146,213.70000000000002,0
14242,123,280.55,0
14243,1221,2588.77,0
14245,976,1693.45,0
14246,804,1474.06,0
14247,47,136.76999999999998,0
14248,102,302.58,0
14250,1200,1904.05,0
14251,1674,2879.7000000000003,0
14256,414,969.0600000000001,0
14257,1682,3099.7200000000003,0
14258,7100,12669.98,0
14259,68,120.0,0
14261,406,1163.45,0
14262,1645,2618.23,0
14264,70,333.97,0
14265,330,530.18,0
14267,530,1516.24,0
14270,197,492.65000000000003,0
14271,88,112.32,0
14272,599,437.96,0
14273,264,559.97,0
14276,744,1119.74,0
14277,1984,4216.2,0
14280,52,134.04,0
14282,2668,3729.34,0
14284,161,595.25,0
14285,541,1910.01,0
14286,4338,4628.75,0
14287,261,176.63,0
14288,188,426.6,0
14289,292,911.26,0
14290,915,2314.65,0
14291,2749,3883.25,0
14292,1663,4871.93,0
14293,709,1046.56,0
14295,84,166.20000000000002,0
14297,865,1305.33,0
14298,58343,51527.3,2
14299,2149,3965.62,0
14300,32,43.2,0
14301,606,640.14,0
14304,139,383.45,0
14305,1089,1858.96,0
14306,1075,2093.32,0
14307,2058,2995.72,0
14309,1633,2352.53,0
14311,146,310.26,0
14312,1012,1611.59,0
14314,296,120.0,0
14315,1021,2481.13,0
14317,255,508.58000000000004,0
14320,325,477.79,0
14321,2406,1530.75,0
14323,350,605.0600000000001,0
14326,103,183.85,0
14327,139,311.65,0
14329,3095,5014.84,0
14331,252,462.65999999999997,0
14332,481,866.31,0
14333,58,415.2,0
14334,1731,2552.21,0
14335,379,468.26,0
14336,1759,1614.91,0
14338,335,588.22,0
14339,168,309.52,0
14340,58,134.7,0
14341,1403,2182.28,0
14342,347,668.5600000000001,0
14344,477,889.9300000000001,0
14345,50,108.97999999999999,0
14346,605,1021.58,0
14348,183,409.57,0
14349,86,133.5,0
14350,183,282.93,0
14351,12,51.0,0
14352,538,1078.96,0
14353,64,90.6,0
14354,210,163.62,0
14355,92,174.4,0
14356,277,701.23,0
14357,148,225.77,0
14359,371,912.18,0
14360,1151,2128.23,0
14362,100,161.2,0
14364,1967,3717.35,0
14367,4438,9261.52,0
14368,36,155.0,0
14371,34,100.5,0
14373,17,76.55,0
14375,194,257.68,0
14377,219,617.05,0
14379,292,348.1,0
14381,146,202.68,0
14382,1237,626.0699999999999,0
14383,817,1247.69,0
14385,159,202.11,0
14386,54,142.4,0
14387,819,1770.56,0
14388,1941,3212.84,0
14389,729,1043.46,0
14390,2136,4652.82,0
14393,13,67.95,0
14395,1693,3507.71,0
14396,225,487.99,0
14397,1890,2612.96,0
14400,454,574.7,0
14401,4507,4051.48,0
14403,519,1475.81,0
14404,839,1474.32,0
14406,77,156.75,0
14407,1415,2157.73,0
14408,1616,2606.53,0
14409,1230,2059.4500000000003,0
14410,571,1105.07,0
14411,196,1063.0,0
14412,786,770.03,0
14413,68,122.7,0
14414,2512,1496.98,0
14415,3011,5900.28,0
14416,326,490.22,0
14418,1711,1937.25,0
14419,487,1058.06,0
14420,334,387.52,0
14421,365,813.11,0
14422,2906,4263.64,0
14423,120,265.2,0
14424,48,322.08,0
14426,2699,4481.67,0
14427,228,363.34000000000003,0
14428,436,1244.83,0
14431,130,470.36,0
14432,2070,2255.51,0
14434,368,1372.8,0
14436,129,89.06,0
14437,60,63.0,0
14438,82,131.9,0
14439,526,2661.24,0
14440,588,2357.6800000000003,0
14441,446,1712.89,0
14442,482,1589.82,0
14443,938,1420.2,0
14446,933,1039.58,0
14447,571,1163.23,0
14448,104,375.35,0
14449,757,907.1,0
14450,241,483.25,0
14451,389,662.59,0
14452,119,264.44,0
14453,49,119.93,0
14456,2908,3062.4,0
14457,88,113.64,0
14459,760,1837.92,0
14460,881,434.34,0
14461,766,2103.06,0
14462,964,2004.02,0
14463,179,529.62,0
14465,405,1058.6200000000001,0
14466,1006,2272.4,0
14467,278,598.76,0
14470,193,461.19,0
14472,1160,1936.84,0
14473,88,234.34000000000003,0
14474,140,547.66,0
14475,447,925.85,0
14476,132,215.7,0
14477,720,1309.6,0
14479,117,316.25,0
14480,143,279.05,0
14481,489,636.51,0
14482,1646,2068.15,0
14483,97,137.1,0
14484,210,321.92,0
14485,71,165.75,0
14487,735,1196.33,0
14488,799,1064.28,0
14489,299,463.38,0
14491,139,340.93,0
14493,1285,2383.2400000000002,0
14494,92,139.56,0
14495,62,123.8,0
14496,159,538.8100000000001,0
14497,235,475.37,0
14498,1098,1957.32,0
14499,501,815.32,0
14500,117,356.85,0
14501,161,251.21,0
14502,1498,2470.67,0
14503,2004,3543.26,0
14504,308,673.26,0
14505,2759,5905.64,0
14506,730,2012.17,0
14507,600,1383.18,0
14508,131,276.42,0
14511,784,1314.81,0
14512,122,275.28,0
14513,361,455.59000000000003,0
14514,589,1055.35,0
14515,1134,2102.09,0
14517,91,330.45,0
14518,278,174.37,0
14520,146,270.6,0
14522,525,974.54,0
14523,251,241.09,0
14524,676,1867.68,0
14525,2696,4332.2,0
14527,2089,8508.82,0
14528,278,364.21999999999997,0
14529,348,620.04,0
14530,1410,2925.91,0
14532,284,932.85,0
14533,4019,1949.72,0
14534,2047,4447.05,0
14535,1831,2864.19,0
14536,40,171.8,0
14537,120,355.56,0
14538,155,388.25,0
14539,428,537.48,0
14540,421,996.26,0
14541,647,1461.65,0
14542,19,103.25,0
14543,679,3630.33,0
14544,1543,2024.45,0
14546,1317,2578.09,0
14547,2668,4007.54,0
14548,256,652.8,0
14549,136,289.24,0
14550,394,765.62,0
14551,106,186.23,0
14552,91,165.07,0
14553,493,859.27,0
14554,1478,2381.04,0
14555,130,324.14,0
14557,510,788.38,0
14560,1260,2237.77,0
14561,1014,1080.76,0
14562,1834,5074.77,0
14565,1540,3099.12,0
14566,800,1432.0,0
14567,412,1530.3600000000001,0
14569,79,227.39,0
14570,95,218.06,0
14572,1428,2832.84,0
14573,544,1653.42,0
14576,12,35.400000000000006,0
14577,353,859.71,0
14578,240,168.63,0
14581,217,138.6,0
14582,73,114.11,0
14583,792,1052.55,0
14584,383,1042.26,0
14585,91,157.05,0
14586,444,237.36,0
14587,761,1601.14,0
14589,5,39.75,0
14591,1297,1447.14,0
14592,415,570.46,0
14593,332,617.99,0
14594,185,379.83,0
14595,978,1740.6,0
14597,577,883.15,0
14598,189,221.97,0
14600,125,393.33000000000004,0
14601,168,213.96,0
14603,400,660.0,0
14606,6224,12156.65,0
14607,11766,16569.5,0
14608,437,1785.15,0
14609,7026,601.56,0
14616,104,406.08000000000004,0
14618,264,553.44,0
14619,152,394.44,0
14620,214,412.78000000000003,0
14621,993,1788.3600000000001,0
14622,146,320.58000000000004,0
14623,419,889.25,0
14624,162,225.85,0
14625,335,899.63,0
14626,1403,2791.27,0
14628,272,671.96,0
14629,380,959.01,0
14631,622,1006.98,0
14632,96,114.56,0
14633,96,344.90000000000003,0
14636,241,609.85,0
14638,166,443.6,0
14639,1431,2984.49,0
14640,886,2125.08,0
14641,90,110.46,0
14642,76,96.12,0
14643,815,693.8100000000001,0
14644,258,830.76,0
14645,381,597.09,0
14646,196915,280206.02,1
14647,95,243.22,0
14649,1018,1417.29,0
14651,344,654.6,0
14652,53,114.18,0
14653,950,1947.55,0
14655,1089,1932.23,0
14656,120,291.05,0
14657,466,848.22,0
14658,47,247.15,0
14659,1195,2529.93,0
14660,228,285.74,0
14661,35,107.95,0
14662,602,771.17,0
14664,466,637.89,0
14665,740,1835.7,0
14666,161,195.25,0
14667,5385,9241.2,0
14669,775,1269.99,0
14670,337,411.53,0
14672,454,765.55,0
14673,1004,1736.4,0
14675,341,604.75,0
14676,2500,2548.2400000000002,0
14680,13476,28754.11,2
14681,76,498.95,0
14682,80,52.0,0
14684,853,1236.28,0
14687,470,628.38,0
14688,3621,5630.87,0
14689,76,112.8,0
14690,170,371.7,0
14691,707,2114.33,0
14692,265,591.55,0
14693,34,172.9,0
14696,1630,2078.95,0
14697,181,188.60999999999999,0
14698,615,1250.76,0
14699,77,109.13000000000001,0
14700,1342,2235.3,0
14701,932,2549.37,0
14702,1454,3292.14,0
14703,183,318.17,0
14704,1082,1546.91,0
14705,100,179.0,0
14708,621,1126.37,0
14709,2484,4921.04,0
14710,378,606.13,0
14711,978,2868.8,0
14712,315,917.07,0
14713,1615,2666.36,0
14714,229,160.19,0
14715,521,867.38,0
14716,604,329.68,0
14719,1032,1602.13,0
14720,219,663.81,0
14722,120,187.92000000000002,0
14723,695,1158.3,0
14725,593,718.08,0
14727,62,268.58,0
14729,197,313.49,0
14730,1132,2005.06,0
14731,256,380.02,0
14732,1405,2702.4900000000002,0
14733,3764,9585.91,0
14735,2264,6065.69,0
14737,345,1164.55,0
14738,601,1314.45,0
14739,3820,3902.28,0
14740,735,1448.21,0
14741,841,1400.34,0
14744,627,1099.98,0
14745,1038,1220.26,0
14747,84,328.2,0
14748,1223,1415.75,0
14752,260,389.64,0
14753,211,563.15,0
14754,486,638.05,0
14755,2219,5010.28,0
14756,416,738.96,0
14757,160,420.5,0
14758,419,1484.06,0
14759,569,1625.97,0
14760,40,89.2,0
14761,118,255.9,0
14762,341,300.52,0
14764,190,278.3,0
14765,135,254.11,0
14766,1349,2473.37,0
14768,52,192.60000000000002,0
14769,7436,10674.75,0
14770,490,876.42,0
14772,82,139.26,0
14775,1174,1011.9,0
14776,3134,2538.3,0
14778,306,730.86,0
14779,84,386.15,0
14780,310,447.68,0
14782,114,200.10000000000002,0
14784,237,289.99,0
14785,84,77.4,0
14788,421,679.4399999999999,0
14789,116,197.64,0
14790,699,745.06,0
14792,2,6.2,0
14793,91,228.99,0
14794,673,1319.91,0
14795,17,131.45000000000002,0
14796,6025,8022.49,0
14798,150,173.74,0
14799,146,157.7,0
14800,3655,4339.74,0
14801,175,193.14,0
14803,370,845.55,0
14804,121,353.27,0
14805,115,554.65,0
14806,330,193.39000000000001,0
14808,2147,2741.17,0
14810,1016,2087.88,0
14813,67,155.43,0
14815,744,778.5,0
14816,5,271.85,0
14817,655,1110.34,0
14818,324,657.8,0
14819,109,272.07,0
14820,253,507.29,0
14821,20,48.800000000000004,0
14823,88,321.43,0
14824,525,1127.71,0
14825,991,2226.91,0
14828,2172,2139.76,0
14829,452,697.55,0
14830,169,197.13,0
14834,734,1720.3,0
14836,45,102.44999999999999,0
14837,1436,1649.5,0
14840,31,62.85,0
14841,1778,3295.76,0
14842,1166,2824.69,0
14844,1833,3189.81,0
14847,120,309.4,0
14849,5694,7930.54,0
14850,293,325.75,0
14851,325,511.35,0
14852,1747,2836.69,0
14853,82,475.8,0
14854,1832,2759.83,0
14855,267,645.65,0
14856,714,1311.3799999999999,0
14857,464,1173.12,0
14859,671,1353.74,0
14860,232,170.32,0
14861,117,125.79,0
14862,772,841.1999999999999,0
14863,132,266.76,0
14865,108,52.2,0
14866,6752,14389.9,0
14867,328,710.28,0
14868,1405,2953.59,0
14869,550,725.7,0
14870,119,327.25,0
14871,185,522.38,0
14873,168,519.68,0
14875,558,1465.3200000000002,0
14878,802,1485.54,0
14880,373,706.19,0
14881,316,255.4,0
14882,158,589.7,0
14883,790,761.59,0
14885,724,765.3199999999999,0
14886,160,364.8,0
14887,1100,1862.0,0
14888,184,369.2,0
14889,90,135.9,0
14890,51,125.65,0
14891,505,554.38,0
14893,799,1237.8500000000001,0
14894,265,655.75,0
14895,4851,11138.710000000001,0
14896,279,468.77000000000004,0
14897,468,1366.38,0
14898,1020,1303.52,0
14901,661,1421.29,0
14902,218,332.66,0
14903,1536,2810.63,0
14904,1985,1025.44,0
14905,287,616.15,0
14907,1691,3501.1,0
14908,132,277.8,0
14910,238,434.35,0
14911,80265,143825.06,1
14912,971,867.85,0
14913,1743,1227.43,0
14915,112,307.48,0
14916,1136,1268.98,0
14918,675,1610.15,0
14920,509,977.77,0
14921,953,1316.07,0
14923,418,749.1,0
14924,64,310.05,0
14929,136,223.88,0
14930,1166,2372.86,0
14931,417,1257.68,0
14932,80,363.53,0
14934,1042,1890.94,0
14935,935,1784.71,0
14936,4085,8137.02,0
14937,484,1621.88,0
14944,2815,5900.25,0
14946,22,100.9,0
14947,179,290.82,0
14948,673,1101.97,0
14950,136,371.2,0
14951,311,311.69,0
14952,3355,8099.49,0
14953,225,289.82,0
14954,127,336.17,0
14957,34,58.49,0
14958,129,499.68,0
14959,494,695.42,0
14960,221,221.27,0
14961,3708,7044.68,0
14962,44,126.7,0
14963,1176,1487.8,0
14964,143,206.21,0
14965,365,599.0,0
14966,187,191.32,0
14967,140,463.8,0
14968,127,147.59,0
14970,250,1592.06,0
14971,644,1116.57,0
14972,28,114.77,0
14973,369,1314.45,0
14974,44,114.39,0
14975,380,279.94,0
14976,234,790.86,0
14978,525,1931.42,0
14981,97,102.12,0
14984,60,213.27,0
14985,260,296.75,0
14987,128,326.4,0
14988,141,334.54,0
14995,103,233.23000000000002,0
14997,1120,546.1999999999999,0
14998,270,429.87,0
15000,218,490.52,0
15002,862,1641.76,0
15004,630,1246.32,0
15005,4247,6316.57,0
15006,302,502.09,0
15007,69,156.91,0
15009,642,1261.78,0
15010,184,308.94,0
15012,231,423.04,0
15014,151,260.17,0
15016,76,170.04,0
15017,63,125.58,0
15018,189,496.21000000000004,0
15019,159,266.0,0
15021,847,1914.82,0
15022,543,905.04,0
15023,2871,6802.76,0
15024,920,1661.33,0
15025,189,377.01,0
15026,285,469.0,0
15027,565,1066.1499999999999,0
15028,459,627.13,0
15030,372,518.28,0
15031,401,668.14,0
15032,2968,4959.1,0
15033,1695,2586.67,0
15034,2422,4308.61,0
15035,245,252.73000000000002,0
15036,327,465.55,0
15038,217,705.49,0
15039,9209,19914.44,0
15041,104,180.35,0
15042,30,135.93,0
15043,300,537.0,0
15044,2795,7700.2300000000005,0
15045,114,735.66,0
15046,3451,5213.7699999999995,0
15047,222,343.62,0
15048,195,384.05,0
15049,63,121.17000000000002,0
15050,1224,1782.09,0
15051,1011,1391.61,0
15052,82,215.78,0
15053,986,697.79,0
15054,198,302.1,0
15057,668,1489.5,0
15058,1069,2124.9900000000002,0
15059,604,1337.72,0
15060,263,303.09,0
15061,28920,54534.14,2
15062,763,987.86,0
15063,56,370.79999999999995,0
15065,1383,3158.13,0
15066,317,893.59,0
15067,954,1744.76,0
15068,364,553.36,0
15069,520,1109.53,0
15070,36,106.2,0
15071,269,982.07,0
15073,491,1043.41,0
15074,455,748.87,0
15075,447,773.03,0
15076,571,880.85,0
15078,5105,9743.11,0
15079,389,895.61,0
15081,190,504.8,0
15083,38,88.2,0
15087,470,306.94,0
15088,460,1160.07,0
15089,1359,2420.84,0
15090,208,381.32,0
15091,346,480.71,0
15092,135,457.81,0
15093,3760,4597.02,0
15095,1079,1370.6,0
15096,120,219.39000000000001,0
15097,170,248.08,0
15098,121,39916.5,0
15099,343,410.48,0
15100,80,876.0,0
15101,241,317.53,0
15103,329,703.36,0
15104,637,1027.44,0
15105,1211,2298.93,0
15106,1181,1422.52,0
15107,169,319.5,0
15108,499,1300.25,0
15109,131,484.95,0
15110,246,996.1,0
15111,710,1567.48,0
15113,2386,3609.33,0
15114,3096,2760.56,0
15115,157,340.11,0
15116,648,1352.75,0
15117,1948,1551.78,0
15118,1440,244.8,0
15119,88,266.4,0
15120,296,358.82,0
15121,199,457.72,0
15122,800,1633.78,0
15123,1195,2199.31,0
15124,233,184.19,0
15125,6193,11528.48,0
15127,251,406.53,0
15128,1343,1471.0,0
15129,1794,3447.4,0
15130,197,330.11,0
15132,679,977.9300000000001,0
15133,680,982.42,0
15134,887,1387.99,0
15135,43,139.05,0
15136,776,1286.7,0
15139,208,178.96,0
15140,1572,2354.25,0
15142,365,498.74,0
15143,150,259.45,0
15144,3050,6580.44,0
15145,756,1194.73,0
15146,1473,1327.16,0
15147,366,623.5,0
15148,187,301.29,0
15149,128,520.8000000000001,0
15150,3658,5314.47,0
15152,2704,4745.69,0
15153,198,329.25,0
15154,104,296.42,0
15156,597,961.49,0
15157,2392,1936.07,0
15158,198,401.40000000000003,0
15159,11441,18641.010000000002,0
15160,84,158.16,0
15163,186,304.47,0
15164,360,843.05,0
15165,160,487.75,0
15167,67,163.0,0
15168,52,106.56,0
15171,290,1289.5,0
15172,1611,1624.05,0
15174,145,135.75,0
15175,454,224.14,0
15178,30,40.5,0
15179,1938,2206.95,0
15180,36,87.5,0
15181,544,689.4799999999999,0
15182,253,622.85,0
15184,223,406.76,0
15185,666,310.62,0
15186,215,411.41,0
15187,1887,4777.18,0
15189,6149,16225.39,0
15192,918,1044.32,0
15193,144,499.32,0
15194,5703,7616.53,0
15195,1404,3861.0,0
15197,469,1079.6100000000001,0
15198,120,193.64,0
15199,396,1268.7,0
15201,1210,1236.54,0
15203,1753,1827.8,0
15204,258,316.58,0
15205,378,653.24,0
15206,162,420.29999999999995,0
15208,316,870.12,0
15210,228,331.18,0
15211,240,894.4100000000001,0
15212,36,101.8,0
15213,272,328.35,0
15214,1254,1661.44,0
15215,225,734.94,0
15216,28,96.6,0
15218,3329,5756.89,0
15219,45,305.75,0
15220,1393,1778.96,0
15221,43,403.25,0
15222,440,585.0,0
15223,213,755.75,0
15224,152,322.08,0
15225,226,409.40000000000003,0
15226,71,154.41,0
15227,750,1219.4,0
15228,2255,3386.71,0
15230,351,429.6,0
15232,686,612.06,0
15234,196,197.0,0
15235,1324,2247.51,0
15236,269,321.05,0
15237,1071,1412.32,0
15238,692,1071.99,0
15239,594,780.59,0
15240,1369,1706.57,0
15241,1818,1756.44,0
15243,185,316.68,0
15244,405,631.57,0
15245,1784,2515.84,0
15246,247,514.15,0
15247,160,356.0,0
15249,3577,6688.46,0
15251,6171,10484.99,0
15252,522,740.78,0
15253,866,918.1999999999999,0
15254,275,300.36,0
15255,489,890.85,0
15256,55,98.45,0
15257,46,317.15,0
15258,142,623.16,0
15260,885,1810.77,0
15261,270,254.82,0
15262,73,178.95000000000002,0
15263,89,156.51,0
15264,265,393.74,0
15265,612,1506.1200000000001,0
15266,18,119.3,0
15267,944,1717.36,0
15269,26,408.8,0
15270,1521,2379.49,0
15271,1262,2507.07,0
15272,310,721.94,0
15274,619,716.57,0
15275,498,615.14,0
15276,64,135.31,0
15277,205,255.89999999999998,0
15279,189,290.51,0
15280,154,113.12,0
15281,1211,2332.15,0
15286,55,240.55,0
15287,433,486.69,0
15288,775,2306.52,0
15289,1008,939.78,0
15290,4501,7943.22,0
15291,2103,4668.3,0
15292,56,180.94,0
15296,1766,3672.86,0
15297,292,641.94,0
15298,3116,4799.9,0
15299,2948,4507.01,0
15300,292,496.44,0
15301,2775,5070.35,0
15303,248,574.02,0
15304,104,694.4000000000001,0
15306,810,1174.35,0
15307,37,205.3,0
15308,175,310.47,0
15311,38194,60767.9,2
15312,516,924.85,0
15313,25,52.0,0
15314,313,327.97,0
15315,862,570.5,0
15316,100,165.0,0
15318,642,312.62,0
15319,175,204.5,0
15320,326,267.13,0
15321,1181,2748.31,0
15322,416,679.68,0
15325,232,162.29,0
15326,386,311.71,0
15327,116,208.75,0
15329,486,1049.7,0
15330,1312,714.96,0
15332,652,1661.06,0
15333,344,1028.56,0
15334,274,351.67,0
15335,80,173.97,0
15339,416,574.07,0
15341,812,2020.52,0
15342,283,406.09,0
15343,84,364.5,0
15344,116,563.94,0
15345,81,393.54,0
15346,144,252.42000000000002,0
15347,130,201.60000000000002,0
15348,84,158.04,0
15349,327,473.81,0
15350,51,115.65,0
15351,753,1960.1100000000001,0
15353,343,777.02,0
15355,45,277.05,0
15356,1673,2766.5,0
15358,7050,8347.2,0
15360,223,427.93,0
15361,336,418.92,0
15363,144,326.0,0
15364,493,913.19,0
15365,1084,2314.32,0
15366,621,602.51,0
15367,1057,1877.59,0
15368,230,446.94000000000005,0
15370,830,2386.05,0
15372,2924,2007.3999999999999,0
15373,500,2415.91,0
15374,126,168.0,0
15376,619,1233.3600000000001,0
15379,2305,3703.29,0
15380,376,1690.2600000000002,0
15381,171,596.85,0
15382,4012,5955.71,0
15384,596,642.41,0
15385,161,316.88,0
15386,446,394.14,0
15388,88,140.54,0
15389,400,500.0,0
15392,1277,1535.53,0
15393,150,231.86,0
15394,910,2183.54,0
15395,17,107.45,0
15396,122,288.18,0
15397,20,94.0,0
15398,769,1345.53,0
15399,611,815.77,0
15400,390,716.2,0
15402,694,626.77,0
15405,193,349.1,0
15406,254,510.71000000000004,0
15407,558,1056.44,0
15408,106,267.18,0
15410,1200,3450.84,0
15411,530,1358.88,0
15412,108,190.53,0
15414,443,774.9000000000001,0
15415,575,572.8100000000001,0
15416,2090,3984.32,0
15417,284,508.8,0
15419,230,135.86,0
15421,500,950.36,0
15422,38,97.7,0
15423,101,43.5,0
15424,554,383.34,0
15426,674,1447.39,0
15427,1013,1483.14,0
15428,102,93.78,0
15429,380,397.35,0
15432,65,171.19,0
15433,534,533.3,0
15434,647,1041.48,0
15435,54,149.29,0
15436,613,1122.53,0
15437,79,200.16,0
15438,59,156.57999999999998,0
15440,197,383.68,0
15442,120,594.0,0
15443,1663,3236.91,0
15444,764,1418.26,0
15445,58,113.5,0
15447,85,155.17,0
15448,232,494.64,0
15449,812,974.52,0
15450,376,429.84,0
15452,283,538.73,0
15453,845,1388.37,0
15454,86,179.1,0
15456,660,447.22,0
15457,132,237.07,0
15458,156,161.64,0
15460,109,216.76,0
15462,172,234.6,0
15463,106,126.14,0
15464,350,1048.85,0
15465,1257,7354.62,0
15466,246,334.53,0
15467,310,524.88,0
15468,155,467.51,0
15469,153,538.55,0
15471,266,469.48,0
15472,251,371.56,0
15473,672,1771.2,0
15475,319,454.10999999999996,0
15478,585,1441.42,0
15480,303,905.5,0
15482,5020,11054.96,0
15483,295,233.81,0
15484,3152,3594.31,0
15485,1306,2575.0,0
15488,73,91.32000000000001,0
15489,608,1134.28,0
15491,1646,3100.09,0
15492,483,659.4599999999999,0
15493,560,2001.8,0
15494,1148,1299.23,0
15497,624,1262.2,0
15498,6105,13316.4,0
15500,572,1131.56,0
15502,4236,10384.93,0
15503,74,147.09,0
15504,33,52.83,0
15505,2390,3610.96,0
15506,848,979.26,0
15507,162,492.36,0
15508,440,1000.27,0
15510,2,250.0,0
15511,271,909.23,0
15512,68,121.0,0
15513,5709,14758.220000000001,0
15514,2160,4139.46,0
15516,27,62.43,0
15517,293,267.03,0
15518,1273,1942.45,0
15520,314,343.5,0
15521,1836,3000.2,0
15522,573,398.84,0
15523,132,412.01000000000005,0
15524,4,440.0,0
15525,416,825.92,0
15526,24,148.44,0
15527,992,2429.78,0
15528,123,229.33,0
15529,3496,3995.23,0
15530,950,1502.35,0
15531,1105,2007.44,0
15532,521,1580.93,0
15533,289,807.57,0
15535,143,536.4,0
15537,29,110.92,0
15539,410,538.46,0
15540,200,213.3,0
15541,49,85.13000000000001,0
15543,86,127.86,0
15544,3109,3546.71,0
15545,163,292.71999999999997,0
15547,4032,4954.84,0
15549,698,1693.26,0
15550,295,575.63,0
15551,218,436.06,0
15552,60,90.12,0
15553,451,437.23,0
15554,74,217.2,0
15555,4439,4805.17,0
15556,236,279.77,0
15557,219,473.65000000000003,0
15561,267,800.59,0
15562,39,134.55,0
15563,1501,1400.44,0
15565,60,173.16,0
15567,223,186.01,0
15568,461,758.29,0
15569,666,1375.71,0
15570,2067,4165.52,0
15571,264,650.4300000000001,0
15572,1229,2552.86,0
15573,363,607.45,0
15574,349,702.25,0
15576,404,940.6700000000001,0
15577,89,258.88,0
15578,52,127.1,0
15579,120,348.6,0
15581,286,3679.9700000000003,0
15582,453,682.9100000000001,0
15584,314,725.11,0
15585,320,455.3,0
15587,312,913.6800000000001,0
15589,243,478.53000000000003,0
15592,354,388.58,0
15593,60,199.8,0
15594,983,1771.78,0
15596,561,1406.59,0
15597,279,324.57,0
15598,160,240.68,0
15599,718,761.74,0
15601,4983,6776.56,0
15602,1137,1297.8700000000001,0
15603,96,48.480000000000004,0
15604,159,216.39,0
15605,441,1198.23,0
15606,892,2920.16,0
15607,202,104.76,0
15608,714,1093.68,0
15609,148,298.48,0
15610,66,112.46000000000001,0
15611,504,1591.45,0
15612,52,195.15,0
15615,5508,10399.74,0
15618,454,776.851,0
15619,136,336.40000000000003,0
15620,915,1553.18,0
15621,501,1293.03,0
15622,1674,3709.56,0
15623,125,301.03,0
15624,357,588.13,0
15625,1188,1534.26,0
15626,766,675.8,0
15628,1894,2870.2400000000002,0
15630,800,1186.35,0
15632,2109,3285.31,0
15634,99,243.55,0
15636,284,724.76,0
15637,128,223.36,0
15639,323,425.32,0
15640,6607,12515.66,0
15641,1562,1887.2,0
15643,246,664.0,0
15644,557,813.0,0
15645,256,612.01,0
15646,394,447.64000000000004,0
15648,221,657.35,0
15649,192,816.0,0
15651,479,646.3,0
15652,208,337.74,0
15653,1200,877.4399999999999,0
15654,475,922.53,0
15655,324,560.67,0
15656,343,748.5,0
15657,24,30.0,0
15658,242,1024.1000000000001,0
15659,111,306.45,0
15660,1050,1600.86,0
15661,236,309.8,0
15663,106,138.14,0
15664,157,386.43,0
15665,1666,2242.01,0
15667,240,301.32,0
15668,72,76.32000000000001,0
15669,342,684.34,0
15670,91,173.05,0
15671,1699,2657.13,0
15673,1514,2881.02,0
15674,1275,2446.6,0
15675,527,323.69,0
15676,2252,3435.76,0
15677,319,657.23,0
15678,184,352.7,0
15679,1170,781.28,0
15680,952,1333.68,0
15681,816,1426.16,0
15683,131,193.75,0
15687,1310,2993.1,0
15689,84,254.1,0
15690,408,239.76,0
15691,72,136.8,0
15692,138,191.04,0
15694,1677,6479.4,0
15695,212,409.98,0
15696,1028,2736.46,0
15699,113,309.65,0
15700,357,696.68,0
15701,923,1542.14,0
15703,66,211.5,0
15704,1028,2293.62,0
15705,62,143.1,0
15706,321,1060.56,0
15707,605,945.58,0
15708,1267,3364.2400000000002,0
15709,121,133.25,0
15712,486,1072.3600000000001,0
15713,150,356.7,0
15714,187,330.88,0
15716,744,1118.81,0
15717,70,150.3,0
15719,2725,5045.61,0
15720,281,598.73,0
15721,409,507.08,0
15722,1026,2222.56,0
15723,87,203.1,0
15724,73,218.25,0
15725,221,415.25,0
15727,3065,5178.96,0
15729,28,85.0,0
15730,689,1120.88,0
15732,215,294.12,0
15733,62,162.3,0
15734,346,1339.45,0
15737,599,1205.1200000000001,0
15738,2982,4812.42,0
15739,472,449.12,0
15740,152,154.88,0
15743,216,784.46,0
15744,120,34.8,0
15745,421,1094.59,0
15746,178,196.88,0
15747,480,974.04,0
15748,51,149.31,0
15749,18028,44534.3,2
15750,1786,2465.48,0
15752,1978,2637.38,0
15753,144,79.2,0
15754,199,458.57,0
15755,1427,2364.25,0
15756,242,532.96,0
15757,491,714.42,0
15758,47,205.25,0
15759,60,253.04,0
15762,251,583.75,0
15763,271,1086.92,0
15764,2050,3279.97,0
15766,170,315.06,0
15768,244,621.8299999999999,0
15769,29672,56252.72,2
15773,311,635.6800000000001,0
15774,87,270.8,0
15775,68,104.9,0
15776,138,241.62,0
15777,378,1047.11,0
15780,220,475.28000000000003,0
15781,180,345.46,0
15782,864,2614.7400000000002,0
15783,212,246.3,0
15785,1612,2328.9700000000003,0
15786,3364,4932.2,0
15787,540,948.05,0
15789,438,351.3,0
15790,114,220.85,0
15791,731,1612.69,0
15793,553,965.61,0
15795,581,610.01,0
15796,861,2711.56,0
15797,873,2207.4,0
15799,955,884.14,0
15800,335,699.08,0
15801,570,1063.95,0
15802,1,451.42,0
15803,290,415.82000000000005,0
15804,2565,4206.39,0
15805,3387,5528.4800000000005,0
15806,602,784.58,0
15807,430,903.9,0
15808,1343,3734.9700000000003,0
15809,301,515.77,0
15810,861,1391.98,0
15811,1071,2218.62,0
15812,922,1801.14,0
15813,603,1303.9099999999999,0
15814,1271,1945.33,0
15815,1856,2100.6,0
15819,1357,1905.45,0
15820,128,206.98,0
15821,202,570.96,0
15822,375,885.47,0
15823,1,15.0,0
15825,220,532.94,0
15826,963,1654.31,0
15827,882,1836.0900000000001,0
15829,996,636.14,0
15830,415,576.0,0
15831,1105,801.76,0
15832,465,836.79,0
15834,965,2233.75,0
15835,439,954.09,0
15836,26,137.37,0
15837,189,391.98,0
15838,18368,33643.08,2
15839,675,1048.49,0
15840,396,355.56,0
15841,942,1224.06,0
15843,27,118.95000000000002,0
15844,134,130.73999999999998,0
15845,1926,3711.77,0
15847,449,389.27,0
15850,302,238.85,0
15852,48,160.71,0
15853,135,110.8,0
15854,939,2974.65,0
15855,470,712.24,0
15856,11005,16387.57,0
15857,308,297.0,0
15858,1167,1438.85,0
15860,440,977.21,0
15861,2544,3165.36,0
15862,585,832.88,0
15863,19,68.84,0
15864,1192,1936.3200000000002,0
15865,368,895.13,0
15866,126,230.53,0
15867,2054,3812.64,0
15869,175,149.64,0
15870,335,354.09000000000003,0
15872,212,360.93,0
15874,2534,4405.88,0
15877,371,493.28,0
15880,211,343.28000000000003,0
15881,260,501.39000000000004,0
15882,276,516.36,0
15883,223,396.48,0
15885,111,379.35,0
15886,147,181.09,0
15888,76,168.31,0
15889,215,446.87,0
15891,442,524.52,0
15894,168,263.55,0
15895,94,179.17,0
15897,261,222.05,0
15898,570,1388.88,0
15899,39,56.25,0
15900,221,351.11,0
15901,384,363.88,0
15903,2410,5126.76,0
15904,84,164.68,0
15906,544,1567.69,0
15907,509,967.45,0
15909,98,191.94,0
15910,1015,1232.18,0
15912,185,264.62,0
15916,757,1528.09,0
15917,42,123.1,0
15918,153,334.23,0
15919,545,639.89,0
15920,99,167.5,0
15921,166,336.03000000000003,0
15922,138,369.5,0
15923,122,127.08,0
15925,93,207.15,0
15930,139,426.63,0
15932,2325,2495.87,0
15933,885,1107.46,0
15935,115,416.86,0
15937,73,145.35,0
15938,240,404.58,0
15939,4728,6115.01,0
15940,4,35.8,0
15942,232,337.44,0
15944,50,325.1,0
15945,52,181.0,0
15947,898,1708.24,0
15948,567,955.24,0
15949,284,364.72,0
15950,729,1765.51,0
15951,313,708.22,0
15952,399,806.57,0
15953,892,1659.3799999999999,0
15955,2135,4416.26,0
15957,211,428.89,0
15958,33,104.35,0
15963,298,470.76,0
15965,453,845.64,0
15967,211,418.83,0
15969,124,666.1,0
15970,116,314.1,0
15971,1717,4199.85,0
15973,106,307.82000000000005,0
15974,2262,3442.15,0
15975,243,371.01,0
15976,277,430.94,0
15977,1016,1054.73,0
15978,888,1098.78,0
15980,1560,2398.86,0
15981,1866,3408.48,0
15983,892,1475.02,0
15984,1843,2837.67,0
15985,1086,1142.42,0
15986,268,168.12,0
15987,1556,1451.28,0
15988,181,158.03,0
15990,443,792.11,0
15992,17,41.989999999999995,0
15993,2051,2797.57,0
15994,177,427.07,0
15996,384,1060.68,0
15998,2041,3089.97,0
16000,5110,12393.7,0
16003,1185,2735.37,0
16005,300,615.39,0
16006,84,101.4,0
16007,1393,1701.94,0
16008,323,478.78,0
16009,378,992.71,0
16010,210,407.5,0
16011,2042,3362.71,0
16012,799,1415.29,0
16013,15536,37130.6,2
16014,265,662.38,0
16015,909,705.39,0
16016,620,1508.76,0
16017,102,211.88,0
16018,190,408.90000000000003,0
16019,1733,3786.2400000000002,0
16020,487,851.01,0
16022,261,628.28,0
16023,358,719.81,0
16024,398,251.24,0
16025,338,439.65999999999997,0
16026,243,236.09,0
16027,1147,934.62,0
16029,40208,81024.84,2
16030,283,331.24,0
16031,423,548.94,0
16033,3539,8816.4,0
16034,242,437.7,0
16036,716,758.92,0
16037,428,855.02,0
16038,244,471.78000000000003,0
16040,684,1313.55,0
16041,1584,3166.4,0
16042,755,1197.27,0
16043,503,773.99,0
16045,897,1340.7,0
16048,144,256.44,0
16049,793,1111.79,0
16050,278,137.9,0
16052,282,362.06,0
16053,1793,1511.95,0
16054,380,783.9,0
16055,22,134.8,0
16056,347,664.85,0
16057,863,2263.12,0
16059,643,1459.8600000000001,0
16062,800,1153.62,0
16063,262,335.32,0
16065,231,372.09,0
16066,936,1521.87,0
16070,457,852.15,0
16071,180,326.24,0
16072,140,584.3199999999999,0
16073,48,122.39999999999999,0
16076,1435,2234.73,0
16078,16,79.2,0
16079,864,1352.0,0
16080,128,217.16,0
16081,1477,2806.9,0
16083,908,1317.62,0
16084,216,436.18,0
16085,636,981.51,0
16086,511,1121.39,0
16091,154,315.06,0
16092,628,817.86,0
16093,20,17.0,0
16094,647,1078.23,0
16096,155,320.62,0
16097,87,185.04999999999998,0
16098,613,2005.63,0
16099,434,731.9,0
16101,757,1290.7,0
16102,942,1842.14,0
16103,558,1429.64,0
16104,123,302.36,0
16105,330,336.96,0
16106,74,108.38,0
16107,1176,3204.1600000000003,0
16108,615,842.5,0
16109,612,611.88,0
16110,733,1337.48,0
16112,574,195.73999999999998,0
16113,176,161.38,0
16114,43,135.75000000000003,0
16115,1001,1667.97,0
16116,248,612.78,0
16117,130,232.21,0
16119,240,423.36,0
16120,878,1309.14,0
16121,586,867.11,0
16122,1128,684.4200000000001,0
16123,170,307.78,0
16124,48,249.0,0
16125,124,289.35,0
16126,2125,6287.77,0
16127,323,656.25,0
16128,988,1880.22,0
16131,1802,3506.54,0
16133,8887,14589.04,0
16134,371,618.09,0
16135,209,517.55,0
16136,440,709.38,0
16139,330,635.41,0
16140,730,725.18,0
16141,238,620.4,0
16142,422,535.34,0
16143,919,2424.94,0
16144,16,175.2,0
16145,3123,3799.4900000000002,0
16146,427,734.13,0
16147,246,375.0,0
16148,72,76.32000000000001,0
16149,308,280.52,0
16150,1047,2053.02,0
16152,642,1829.04,0
16153,1073,1824.23,0
16156,1308,3122.04,0
16157,347,656.69,0
16159,236,348.2,0
16160,1162,1025.44,0
16161,2599,5575.56,0
16162,4,37.4,0
16163,192,856.6,0
16164,433,822.48,0
16168,1892,3787.6,0
16169,1325,1822.97,0
16170,1770,1885.05,0
16171,24,73.2,0
16172,787,1140.21,0
16173,575,1418.32,0
16174,651,1009.5500000000001,0
16175,533,1037.59,0
16177,95,331.95,0
16178,94,197.9,0
16179,99,215.83,0
16180,5867,10254.18,0
16181,152,305.54,0
16182,3791,6617.65,0
16183,113,338.71000000000004,0
16184,561,1158.79,0
16185,260,529.41,0
16186,3020,4006.94,0
16187,5048,6911.4400000000005,0
16188,782,981.86,0
16189,134,215.48,0
16190,88,215.08,0
16191,3351,5180.52,0
16193,219,314.45,0
16198,129,400.68100000000004,0
16200,523,1080.6200000000001,0
16201,1286,1863.47,0
16202,191,365.27,0
16203,262,592.9,0
16204,231,405.71,0
16205,517,761.38,0
16206,272,537.0600000000001,0
16207,140,394.38,0
16208,333,664.26,0
16209,1179,2262.62,0
16210,7559,21086.3,0
16211,154,547.02,0
16212,244,690.34,0
16213,48,159.0,0
16214,420,1062.75,0
16215,104,242.35,0
16216,254,914.9300000000001,0
16217,91,304.25,0
16218,2088,3084.68,0
16221,717,864.86,0
16222,365,846.72,0
16224,1116,1295.3,0
16225,493,1096.32,0
16226,192,255.12,0
16227,90,314.22,0
16229,318,1010.6,0
16230,365,542.03,0
16232,550,990.88,0
16233,174,536.6800000000001,0
16235,330,867.31,0
16236,184,432.2,0
16239,228,414.2,0
16240,1641,3718.8,0
16241,1453,2607.87,0
16242,1982,3603.21,0
16243,110,409.1,0
16244,855,1522.75,0
16245,1014,1413.66,0
16247,182,114.56,0
16248,78,152.94,0
16249,950,1800.07,0
16250,208,389.44,0
16253,3233,3683.86,0
16255,1767,2619.91,0
16256,581,752.4300000000001,0
16257,2,46.95,0
16258,2994,5203.51,0
16260,311,1035.45,0
16261,306,746.83,0
16265,2646,5447.0,0
16266,398,861.89,0
16268,533,667.65,0
16270,688,1141.24,0
16271,1038,1429.24,0
16272,224,411.7,0
16274,155,357.95,0
16275,336,559.87,0
16276,420,810.6000000000001,0
16278,114,566.38,0
16279,1054,1509.58,0
16281,934,2062.06,0
16282,114,168.3,0
16283,1236,1570.81,0
16284,544,823.97,0
16287,298,142.5,0
16292,191,302.25,0
16293,982,2248.9900000000002,0
16295,841,1328.55,0
16297,206,301.9,0
16298,198,598.2,0
16302,158,233.22,0
16303,2659,5360.63,0
16305,256,361.21999999999997,0
16306,487,632.27,0
16308,8000,2560.0,0
16309,467,706.57,0
16311,394,616.26,0
16313,165,274.15000000000003,0
16315,75,226.37,0
16316,1484,2938.91,0
16317,890,1341.65,0
16318,199,328.15,0
16319,72,404.40000000000003,0
16320,732,1038.46,0
16321,135,373.65000000000003,0
16322,231,326.75,0
16323,50,207.50000000000003,0
16324,282,428.68,0
16325,194,594.24,0
16326,709,3110.96,0
16327,2571,3844.22,0
16330,147,251.91,0
16332,801,1593.2,0
16333,32184,26626.8,2
16337,87,151.05,0
16338,94,214.79999999999998,0
16339,23,109.95,0
16340,501,549.07,0
16341,1398,1971.87,0
16342,157,322.41,0
16343,195,370.47999999999996,0
16344,18,101.10000000000001,0
16345,289,575.41,0
16347,353,887.65,0
16348,819,1469.45,0
16349,9,53.5,0
16350,545,1116.47,0
16351,90,153.9,0
16352,300,494.44,0
16353,2006,6675.71,0
16354,150,395.8,0
16356,93,211.77,0
16357,246,658.88,0
16358,1302,2027.5,0
16359,1183,1750.92,0
16360,2144,3512.53,0
16361,421,896.66,0
16362,351,734.77,0
16363,52,109.36000000000001,0
16364,280,707.04,0
16365,504,1540.42,0
16366,256,327.3,0
16367,647,804.49,0
16368,260,497.43,0
16369,1035,1553.66,0
16370,647,1320.56,0
16372,166,367.93,0
16374,240,473.03000000000003,0
16376,694,987.01,0
16377,1500,676.2,0
16378,267,362.95,0
16379,1410,2157.4,0
16380,1524,1780.59,0
16383,475,668.36,0
16384,260,584.5,0
16385,261,555.89,0
16386,224,317.2,0
16387,44,94.36,0
16389,1242,1382.07,0
16392,203,221.19,0
16393,1576,3046.21,0
16394,2604,1555.34,0
16395,1476,1486.9,0
16398,758,1705.8,0
16399,264,408.57,0
16400,172,303.93,0
16401,3882,4098.32,0
16402,149,299.6,0
16403,114,177.5,0
16404,157,443.05,0
16405,187,167.25,0
16406,122,163.07,0
16407,1124,2126.93,0
16409,1306,2028.88,0
16411,132,214.65,0
16412,73,151.83,0
16413,148,262.2,0
16414,27,126.25,0
16415,187,210.35,0
16416,672,1051.4,0
16418,288,675.27,0
16419,436,972.23,0
16422,33704,34684.4,2
16423,230,346.12,0
16424,88,133.56,0
16425,199,302.7,0
16426,1243,1908.25,0
16427,156,241.06,0
16429,9,284.55,0
16430,103,300.85,0
16431,453,642.81,0
16432,276,287.4,0
16433,106,184.26,0
16434,767,1522.25,0
16438,463,798.35,0
16440,2018,3640.67,0
16441,173,381.2,0
16442,446,616.79,0
16444,407,654.67,0
16445,111,230.51,0
16446,80997,168472.5,1
16447,223,259.01,0
16448,78,188.89000000000001,0
16449,367,707.69,0
16450,200,311.92,0
16451,120,266.97,0
16454,3,6.9,0
16455,988,1841.18,0
16456,1148,2158.37,0
16457,140,208.36,0
16458,2154,3482.7400000000002,0
16460,879,814.72,0
16461,49,151.42,0
16462,16,136.0,0
16463,1163,1422.4,0
16464,963,1314.68,0
16466,789,1603.46,0
16468,31,74.9,0
16469,273,650.43,0
16470,531,762.39,0
16471,141,223.95000000000002,0
16473,196,316.11,0
16474,943,1871.5,0
16475,319,544.3,0
16477,1415,2494.46,0
16478,224,331.0,0
16479,102,300.83,0
16480,455,769.29,0
16482,346,220.62,0
16483,44,139.35,0
16484,200,404.3,0
16485,235,363.65,0
16488,728,498.8,0
16491,478,731.5,0
16493,1164,1351.63,0
16494,675,826.53,0
16495,337,684.41,0
16496,1111,1599.52,0
16497,1396,2965.69,0
16498,45,100.97,0
16499,127,365.45,0
16500,123,400.86,0
16503,569,1431.93,0
16504,524,484.38,0
16505,576,777.6,0
16506,42,90.30000000000001,0
16509,64,363.7,0
16510,92,248.1,0
16511,417,950.26,0
16513,407,874.59,0
16515,833,1627.13,0
16516,58,101.69999999999999,0
16517,96,162.7,0
16518,327,484.32,0
16519,54,215.07999999999998,0
16520,558,1046.57,0
16523,4265,9418.470000000001,0
16525,7397,13027.45,0
16526,106,290.36,0
16527,106,228.06,0
16528,171,244.41,0
16529,198,455.25,0
16531,915,1244.59,0
16532,2016,6748.8,0
16533,612,1095.56,0
16535,356,593.75,0
16536,251,548.97,0
16539,477,1388.81,0
16542,46,119.62,0
16545,78,339.3,0
16546,549,787.15,0
16549,2365,4154.64,0
16550,1540,2298.97,0
16551,970,922.12,0
16552,219,379.73,0
16553,4600,5719.82,0
16554,402,837.1,0
16555,175,285.89,0
16556,1890,3313.79,0
16557,111,281.85,0
16558,5377,8338.49,0
16560,500,841.41,0
16561,244,511.12,0
16563,486,1077.74,0
16565,46,173.7,0
16566,362,614.66,0
16567,996,865.6,0
16569,93,124.2,0
16570,2112,3738.4,0
16571,1239,1421.69,0
16572,532,1009.6,0
16573,360,663.61,0
16574,416,451.44,0
16581,134,105.84,0
16582,164,313.62,0
16583,111,233.45,0
16584,646,936.08,0
16586,95,463.95,0
16587,71,225.15,0
16589,368,459.24,0
16591,41,213.5,0
16592,2927,4113.68,0
16593,116,330.03,0
16594,64,181.09,0
16595,335,360.16,0
16596,97,250.15,0
16597,184,90.04,0
16598,73,145.04999999999998,0
16600,1145,813.52,0
16601,134,244.79999999999998,0
16602,336,528.08,0
16603,480,482.47,0
16607,2859,3347.71,0
16609,2420,5493.46,0
16610,66,75.66,0
16611,47,129.49,0
16612,506,1187.66,0
16613,293,618.59,0
16614,223,506.19,0
16616,370,500.42,0
16617,91,151.85,0
16618,1363,2647.59,0
16619,133,226.21,0
16620,88,178.96,0
16621,302,813.48,0
16623,39,129.45,0
16624,488,810.5699999999999,0
16625,164,333.08,0
16626,2690,4413.1,0
16627,162,322.8,0
16628,1205,2188.05,0
16629,493,417.73,0
16633,1138,2883.1,0
16634,82,217.9,0
16637,927,1154.47,0
16638,1255,1680.72,0
16639,510,1257.51,0
16641,256,231.10000000000002,0
16642,479,688.33,0
16643,269,487.51,0
16644,826,833.78,0
16647,146,214.06,0
16648,281,290.65999999999997,0
16650,372,518.42,0
16652,3283,6773.97,0
16653,733,1212.66,0
16654,282,601.27,0
16655,2367,3794.52,0
16656,8894,8625.8,0
16657,1229,933.62,0
16658,40,123.24,0
16659,72,39.12,0
16660,571,1267.6499999999999,0
16665,59,135.39999999999998,0
16666,233,118.98,0
16667,237,570.13,0
16668,318,306.71999999999997,0
16669,888,1374.8700000000001,0
16670,2556,4095.9,0
16671,875,1692.27,0
16672,2832,8134.9400000000005,0
16674,188,319.61,0
16676,636,1592.1200000000001,0
16678,2397,3109.99,0
16679,29,129.75,0
16680,94,183.7,0
16681,1407,1770.34,0
16682,1040,1028.0,0
16684,50255,66653.56,2
16685,396,324.24,0
16686,2030,3062.83,0
16688,804,1260.86,0
16689,330,422.59999999999997,0
16690,138,225.57999999999998,0
16692,152,1276.0,0
16693,204,482.01,0
16696,146,657.9000000000001,0
16697,27,112.75,0
16698,840,1998.0,0
16700,4024,5076.55,0
16701,6393,5398.3,0
16705,5476,14034.99,0
16706,249,531.35,0
16708,285,656.63,0
16709,851,3029.87,0
16710,1836,2483.04,0
16711,833,1651.03,0
16712,1749,3645.43,0
16713,4276,6923.13,0
16714,610,1161.53,0
16715,642,301.71999999999997,0
16716,120,901.2,0
16717,1866,3858.38,0
16718,413,623.75,0
16719,1204,1790.42,0
16720,182,155.24,0
16721,172,292.47,0
16722,5001,4730.81,0
16723,399,589.15,0
16725,294,781.02,0
16726,977,1382.02,0
16727,177,272.82,0
16728,677,1054.67,0
16729,5783,7239.92,0
16730,994,743.11,0
16732,317,603.75,0
16734,346,650.51,0
16735,1573,2300.56,0
16737,288,417.59999999999997,0
16738,3,3.75,0
16739,172,323.0,0
16742,1,464.9,0
16743,2047,2238.09,0
16744,805,1304.76,0
16745,6735,7194.3,0
16746,4665,6697.66,0
16747,583,836.06,0
16748,880,1515.9,0
16750,214,623.93,0
16751,1031,1764.72,0
16752,54,207.5,0
16753,189,223.92000000000002,0
16754,4280,2002.4,0
16755,1064,1496.83,0
16756,106,239.4,0
16757,81,106.83000000000001,0
16758,203,369.34000000000003,0
16759,609,789.79,0
16761,341,316.62,0
16762,618,1501.38,0
16763,319,611.85,0
16764,1259,2799.25,0
16765,4,34.0,0
16766,536,1145.6,0
16767,4435,5580.6,0
16768,196,478.09000000000003,0
16769,83,380.39,0
16770,464,770.1,0
16771,1489,2246.81,0
16773,171,171.59,0
16774,322,661.52,0
16775,440,1695.66,0
16776,262,388.28,0
16777,64,226.35,0
16778,194,245.94,0
16779,5325,10629.720000000001,0
16780,271,425.19,0
16781,113,311.25,0
16782,712,2279.9,0
16784,24,107.6,0
16788,311,597.48,0
16789,32,80.8,0
16790,898,1545.6200000000001,0
16791,763,1721.78,0
16792,44,110.38000000000001,0
16793,146,243.84,0
16794,937,1222.71,0
16795,239,414.88,0
16796,186,305.62,0
16800,540,1201.49,0
16801,499,1619.73,0
16803,245,332.3,0
16804,246,536.99,0
16805,539,460.59,0
16806,378,801.49,0
16807,778,1121.59,0
16808,196,288.42,0
16809,652,914.69,0
16810,114,309.54,0
16811,477,547.07,0
16812,81,479.35,0
16813,1525,1692.98,0
16814,2769,6509.1,0
16816,274,417.06,0
16817,822,1604.75,0
16818,2164,3349.57,0
16820,307,497.61,0
16823,136,358.38,0
16824,236,460.64,0
16825,566,775.1800000000001,0
16826,158,341.7,0
16828,59,128.5,0
16829,99,197.22,0
16830,264,325.91,0
16832,33,199.15,0
16833,440,1106.53,0
16834,358,413.46,0
16835,61,180.85,0
16836,165,251.87,0
16837,1563,3170.98,0
16838,185,588.85,0
16839,8975,16594.35,0
16841,2250,1869.82,0
16842,693,1264.19,0
16843,10159,10196.57,0
16846,135,214.32,0
16847,78,193.44,0
16848,182,281.42,0
16849,33,124.57,0
16850,249,332.41,0
16851,271,342.45,0
16852,56,144.91000000000003,0
16855,164,328.4,0
16856,12,35.400000000000006,0
16858,91,375.69000000000005,0
16859,827,747.81,0
16861,140,173.76,0
16863,409,502.8,0
16866,60,207.73999999999998,0
16869,585,825.42,0
16871,1253,2812.34,0
16872,600,680.02,0
16873,3840,7123.62,0
16875,1069,2095.53,0
16877,463,853.72,0
16878,12,13.3,0
16880,753,1519.08,0
16881,600,432.0,0
16882,424,705.12,0
16883,104,276.73,0
16884,320,429.84000000000003,0
16885,184,471.51,0
16887,157,194.88,0
16889,925,1578.67,0
16891,283,809.7,0
16892,239,525.54,0
16893,62,145.93,0
16895,102,219.14,0
16897,73,289.78,0
16898,419,508.81,0
16899,522,1281.56,0
16900,833,887.11,0
16902,629,1706.88,0
16903,262,373.24,0
16904,2034,3754.27,0
16905,1408,3102.43,0
16906,281,579.77,0
16907,298,981.65,0
16909,436,379.14,0
16910,886,1510.06,0
16912,1029,2575.38,0
16913,82,113.44,0
16914,121,208.46,0
16915,132,621.6800000000001,0
16916,440,576.26,0
16917,232,391.52,0
16918,721,1068.82,0
16919,1413,2596.45,0
16921,171,169.79,0
16923,3417,7247.61,0
16924,493,846.75,0
16926,35,230.25,0
16927,993,543.05,0
16928,2114,2847.6,0
16929,929,1295.39,0
16930,341,380.55,0
16931,3158,4604.22,0
16932,87,161.94,0
16933,288,563.23,0
16934,399,950.9300000000001,0
16936,173,262.68,0
16938,2540,2736.38,0
16940,2169,3049.88,0
16942,811,1920.59,0
16943,145,816.73,0
16945,2725,4345.5,0
16947,312,406.48,0
16948,1614,435.02,0
16949,791,1286.27,0
16950,644,1178.56,0
16951,1318,1277.75,0
16952,92,167.61,0
16953,10,20.8,0
16954,1054,2085.08,0
16955,266,518.67,0
16956,114,308.74,0
16957,172,416.64,0
16959,49,117.35000000000001,0
16960,304,507.05,0
16961,125,234.17,0
16963,35,110.55000000000001,0
16965,291,201.19,0
16966,1981,2154.97,0
16967,333,319.02,0
16968,326,439.43,0
16969,816,650.41,0
16971,72,357.21,0
16976,88,251.51999999999998,0
16978,166,344.33,0
16979,865,1852.0,0
16980,788,1078.96,0
16982,182,384.06,0
16983,1379,1931.25,0
16984,2423,4481.35,0
16985,1832,5464.12,0
16986,1040,1873.2,0
16987,402,1625.05,0
16988,43,126.12,0
16989,1233,1133.25,0
16990,100,179.0,0
16992,860,1614.31,0
16996,544,1456.96,0
16997,360,702.0,0
16998,76,295.0,0
16999,294,484.82,0
17001,2164,3989.57,0
17002,679,1493.73,0
17004,819,1412.94,0
17006,272,781.78,0
17007,597,889.9300000000001,0
17010,118,195.36,0
17011,186,270.9,0
17014,245,586.33,0
17015,1981,1842.56,0
17017,6673,8694.26,0
17018,176,920.1,0
17019,827,1272.61,0
17022,108,71.0,0
17024,69,95.85,0
17025,235,357.77,0
17026,97,154.82999999999998,0
17027,421,890.29,0
17029,400,716.0,0
17030,146,146.87,0
17031,235,380.35,0
17033,750,1030.14,0
17034,410,745.52,0
17035,229,433.53000000000003,0
17037,656,1267.32,0
17038,28,112.4,0
17040,181,449.73,0
17041,951,1081.57,0
17042,994,1044.3799999999999,0
17043,998,1735.18,0
17044,504,948.48,0
17045,106,339.44,0
17046,510,642.02,0
17047,533,1100.9,0
17048,485,925.35,0
17049,2676,5659.9800000000005,0
17050,1614,3228.84,0
17051,184,247.14000000000001,0
17052,261,413.75,0
17053,122,498.48,0
17054,804,1356.33,0
17058,592,1179.89,0
17059,1855,3095.04,0
17060,216,234.24,0
17061,1526,5232.2300000000005,0
17062,430,538.37,0
17063,770,1461.14,0
17064,318,859.35,0
17068,2164,4552.14,0
17069,1506,2709.7000000000003,0
17070,133,312.14,0
17071,1197,2429.03,0
17073,759,1446.09,0
17075,292,834.12,0
17076,295,841.0799999999999,0
17078,788,378.2,0
17079,24,118.80000000000001,0
17080,166,287.62,0
17081,78,290.16,0
17082,1049,2003.85,0
17083,772,1405.78,0
17084,1816,2949.75,0
17085,786,1566.65,0
17086,1859,2050.08,0
17088,868,1991.01,0
17090,921,2043.95,0
17091,1746,3827.76,0
17092,1131,1777.78,0
17094,152,302.0,0
17095,618,1324.16,0
17096,339,1022.13,0
17097,459,954.42,0
17100,800,971.74,0
17101,815,1621.73,0
17102,2,25.5,0
17105,693,665.78,0
17107,4837,10815.43,0
17109,589,885.04,0
17110,50,163.29999999999998,0
17111,302,248.61,0
17114,219,808.62,0
17115,372,837.5,0
17117,68,116.19999999999999,0
17118,154,157.02,0
17119,334,606.91,0
17120,120,307.46,0
17122,80,138.32,0
17123,246,345.29999999999995,0
17124,130,298.89,0
17125,291,259.35,0
17126,792,1004.75,0
17128,76,157.09,0
17131,983,2463.17,0
17133,2730,4892.240000000001,0
17134,102,425.0,0
17135,1224,1139.73,0
17138,126,380.5,0
17139,5182,10668.47,0
17140,302,465.32,0
17142,81,579.0,0
17144,483,984.57,0
17146,212,749.78,0
17147,882,1714.59,0
17148,82,124.88,0
17152,517,1689.5,0
17153,104,213.78,0
17154,490,329.34,0
17155,242,251.70000000000002,0
17157,172,319.0,0
17158,778,1266.97,0
17159,1111,1538.88,0
17160,2856,3518.03,0
17162,1001,1715.46,0
17163,66,293.1,0
17164,1501,2467.35,0
17165,100,158.68,0
17166,78,206.34,0
17169,526,835.78,0
17171,185,224.91,0
17172,480,317.76,0
17173,1122,3766.6,0
17174,41,59.9,0
17175,866,1443.69,0
17176,170,306.13,0
17179,290,711.79,0
17180,683,796.03,0
17181,241,239.92000000000002,0
17183,1296,3347.31,0
17186,200,144.0,0
17187,144,203.95,0
17188,1328,2474.23,0
17189,227,384.40000000000003,0
17190,161,444.74,0
17191,1167,2095.13,0
17193,1254,1699.3000000000002,0
17194,119,262.62,0
17197,191,1013.01,0
17198,357,692.22,0
17201,268,342.63,0
17203,2850,3563.85,0
17204,646,1564.56,0
17205,884,384.08,0
17206,76,204.24,0
17211,1323,2317.2200000000003,0
17212,147,226.85,0
17213,1176,2781.23,0
17214,276,1069.1200000000001,0
17217,24,113.5,0
17218,958,1960.72,0
17219,89,114.23,0
17220,1905,3198.25,0
17221,288,335.13,0
17222,128,354.15,0
17223,112,426.79,0
17226,406,393.49,0
17227,741,939.32,0
17228,1532,1906.09,0
17229,185,318.76,0
17230,1651,3638.41,0
17231,1742,3174.32,0
17232,203,421.52,0
17233,131,190.88,0
17234,55,149.89000000000001,0
17235,224,550.06,0
17236,474,916.13,0
17237,105,314.69,0
17238,1822,3744.65,0
17239,150,382.5,0
17242,611,1135.04,0
17243,3370,8676.85,0
17244,616,954.9,0
17245,75,171.45,0
17247,106,282.19,0
17248,213,318.65,0
17250,168,384.52,0
17251,110,283.28000000000003,0
17252,193,353.86,0
17253,43,178.26,0
17254,252,272.44,0
17255,232,298.41,0
17256,141,240.0,0
17259,410,603.37,0
17262,367,1253.3600000000001,0
17263,36,63.440000000000005,0
17265,394,562.9,0
17266,161,310.64,0
17267,159,317.62,0
17268,844,763.64,0
17272,1778,2148.63,0
17274,79,111.97999999999999,0
17277,430,1065.3500000000001,0
17278,179,246.04,0
17279,48,187.82999999999998,0
17282,1877,1703.41,0
17284,1364,1652.58,0
17286,118,153.92,0
17287,559,1064.11,0
17288,1203,1419.73,0
17289,520,944.41,0
17290,404,525.24,0
17291,72,550.8000000000001,0
17293,1140,1875.1100000000001,0
17295,294,556.95,0
17297,67,131.78,0
17298,387,498.42,0
17299,678,669.11,0
17301,149,197.63,0
17302,575,1135.63,0
17303,144,250.04,0
17306,11491,8631.31,0
17309,41,82.75,0
17311,1005,1384.85,0
17312,372,644.3,0
17313,1402,2328.84,0
17314,1896,2527.92,0
17315,3888,6292.26,0
17317,1146,2600.34,0
17320,634,1200.6200000000001,0
17321,373,700.86,0
17323,776,921.07,0
17324,844,990.23,0
17325,60,96.8,0
17329,142,523.11,0
17330,120,363.9,0
17331,16,175.2,0
17333,375,494.25,0
17334,315,307.02,0
17337,1269,2027.8700000000001,0
17338,3128,6643.93,0
17339,152,243.36,0
17340,5967,12353.29,0
17341,489,781.36,0
17343,56,193.64,0
17344,66,160.57,0
17345,346,537.74,0
17346,1657,2676.56,0
17347,216,228.96,0
17348,1401,1159.52,0
17349,112,110.75,0
17350,795,1286.07,0
17351,113,587.15,0
17353,1200,1740.0,0
17354,1006,1393.06,0
17356,166,178.22,0
17357,153,388.14,0
17358,202,365.85,0
17359,161,127.86,0
17360,335,585.79,0
17361,157,488.2,0
17362,191,312.23,0
17364,2701,4481.18,0
17365,4777,4801.56,0
17367,150,168.4,0
17368,1391,1912.67,0
17370,540,446.18,0
17371,152,423.89,0
17372,749,1342.68,0
17373,408,646.92,0
17374,85,495.77,0
17375,367,400.1,0
17376,86,203.2,0
17377,2076,4100.92,0
17379,663,404.66,0
17381,25649,20275.61,2
17382,25,65.4,0
17383,150,199.29,0
17384,88,336.4,0
17385,201,261.11,0
17386,1902,2686.42,0
17387,542,784.11,0
17388,1068,1259.56,0
17389,7612,31833.68,0
17391,480,508.8,0
17392,320,457.91,0
17394,241,203.86999999999998,0
17396,2005,7330.8,0
17397,254,696.41,0
17398,310,653.38,0
17400,1097,2129.96,0
17402,701,2633.85,0
17403,117,281.62,0
17404,32748,31906.82,2
17405,726,1031.41,0
17406,787,2200.42,0
17408,3,32.65,0
17409,105,771.85,0
17410,616,1214.72,0
17411,306,778.94,0
17412,738,1258.06,0
17414,2100,778.0,0
17415,114,507.84,0
17416,4302,6893.42,0
17418,289,463.46000000000004,0
17419,1876,4226.57,0
17420,265,598.83,0
17422,2253,1979.37,0
17423,459,698.41,0
17425,407,759.17,0
17426,3094,5037.26,0
17427,34,100.8,0
17428,9474,17256.85,0
17429,624,524.9200000000001,0
17430,190,265.76,0
17431,292,403.3,0
17432,207,365.76,0
17433,185,303.15999999999997,0
17434,1693,2373.82,0
17436,90,216.29999999999998,0
17438,103,388.45000000000005,0
17440,246,186.42000000000002,0
17442,1496,2248.56,0
17443,504,534.24,0
17444,2119,2940.04,0
17446,198,120.9,0
17447,443,541.53,0
17449,1122,2520.86,0
17450,69993,194550.79,1
17451,1203,1721.4,0
17453,219,486.71999999999997,0
17454,243,517.53,0
17455,66,131.7,0
17456,222,249.86,0
17457,826,1737.7,0
17458,170,316.5,0
17459,537,657.3,0
17460,236,622.4300000000001,0
17461,799,757.46,0
17462,227,675.69,0
17463,1095,1896.41,0
17464,220,289.96000000000004,0
17466,306,763.28,0
17468,116,137.0,0
17469,787,1870.97,0
17470,1675,1125.07,0
17472,462,710.29,0
17475,178,194.37,0
17480,338,511.82,0
17481,1061,1255.59,0
17483,191,414.04,0
17486,191,396.87,0
17489,428,376.64,0
17490,1134,2092.32,0
17491,2013,3558.87,0
17492,155,374.57,0
17495,229,497.56,0
17496,79,271.05,0
17498,394,272.22,0
17499,711,622.88,0
17500,17,1138.0,0
17501,160,288.6,0
17502,376,689.1,0
17503,486,558.96,0
17504,1664,2997.0299999999997,0
17505,556,1145.84,0
17506,139,302.2,0
17507,359,605.58,0
17508,289,387.31,0
17509,3534,6115.14,0
17510,214,308.48,0
17511,64549,91062.38,1
17512,2753,2924.9900000000002,0
17513,254,513.2,0
17514,135,208.65,0
17515,243,639.02,0
17516,416,768.08,0
17517,102,153.94,0
17519,1236,1844.02,0
17520,365,546.81,0
17521,519,723.2099999999999,0
17522,1034,1070.71,0
17523,872,652.74,0
17524,90,145.0,0
17525,82,422.70000000000005,0
17526,310,1195.8999999999999,0
17527,488,939.37,0
17528,2138,3628.5,0
17530,1526,2385.0,0
17531,136,296.7,0
17534,103,223.36,0
17535,136,164.4,0
17536,6,76.5,0
17537,700,897.62,0
17538,134,98.42,0
17540,194,578.9,0
17542,134,170.75,0
17545,341,645.96,0
17548,58,103.3,0
17549,210,148.86,0
17550,86,267.16,0
17551,150,306.84,0
17552,719,930.41,0
17553,1048,1487.6,0
17554,1763,1952.45,0
17555,349,483.26,0
17556,101,157.9,0
17557,306,541.46,0
17560,635,854.95,0
17561,146,167.62,0
17562,817,1122.38,0
17564,146,454.01,0
17566,518,901.21,0
17567,2632,4331.48,0
17569,159,344.14,0
17571,905,1498.51,0
17572,95,226.75000000000003,0
17573,308,380.6,0
17574,77,185.65,0
17576,1994,3622.68,0
17578,138,143.45999999999998,0
17579,258,448.90000000000003,0
17580,88,215.72,0
17581,5927,11045.04,0
17582,123,175.27,0
17584,458,1242.3,0
17585,1671,1133.07,0
17588,676,1240.2,0
17589,1631,2404.17,0
17590,828,1479.22,0
17591,1009,2225.9700000000003,0
17593,3101,3927.34,0
17594,550,993.18,0
17595,229,388.79,0
17596,4400,2827.93,0
17597,1176,2044.3700000000001,0
17600,144,161.67000000000002,0
17601,103,116.00999999999999,0
17602,4151,5102.97,0
17603,74,394.72,0
17604,169,309.36,0
17608,232,193.42,0
17609,723,1112.22,0
17611,2560,3984.22,0
17612,1808,2048.45,0
17613,2496,4559.150000000001,0
17614,238,390.07,0
17615,140,329.6,0
17616,224,571.1999999999999,0
17618,331,971.58,0
17619,127,218.52,0
17620,60,81.44,0
17621,514,1379.9,0
17623,265,527.0500000000001,0
17624,554,843.48,0
17625,1198,2047.0,0
17628,79,75.75,0
17629,1629,1814.12,0
17630,158,503.59999999999997,0
17631,334,528.33,0
17633,644,1324.84,0
17634,840,2361.9700000000003,0
17636,182,285.56,0
17637,280,547.0600000000001,0
17639,49,108.5,0
17640,250,621.66,0
17642,474,712.29,0
17643,71,101.55,0
17644,1793,2895.64,0
17646,323,1008.39,0
17647,30,133.06,0
17648,487,1797.5,0
17649,399,868.49,0
17650,150,166.08,0
17651,3112,3945.0,0
17652,2509,4867.72,0
17653,1409,1207.56,0
17654,41,117.55,0
17655,1116,2638.94,0
17656,1399,1674.69,0
17658,616,595.42,0
17659,1525,2999.46,0
17660,130,196.0,0
17663,797,1802.91,0
17664,604,604.64,0
17666,596,728.16,0
17667,1033,2055.51,0
17668,93,347.75,0
17669,1916,3406.7200000000003,0
17670,110,205.7,0
17671,772,1572.71,0
17672,1690,3178.17,0
17673,1487,1629.12,0
17674,672,551.04,0
17675,8360,20374.28,0
17676,932,1387.68,0
17677,9775,16363.23,0
17678,207,298.11,0
17679,729,1992.1100000000001,0
17680,96,184.4,0
17682,1367,2474.33,0
17684,145,239.41,0
17685,1956,3191.53,0
17686,2478,5739.46,0
17690,1773,4757.95,0
17691,134,290.40000000000003,0
17692,672,740.9399999999999,0
17693,231,200.47,0
17694,184,283.12,0
17695,779,765.34,0
17696,1756,2285.71,0
17697,93,338.95,0
17698,93,154.95,0
17700,1266,2534.64,0
17701,109,417.95,0
17702,1353,1824.37,0
17703,590,798.74,0
17704,343,885.19,0
17705,963,1823.52,0
17706,3899,10504.49,0
17707,144,152.4,0
17708,91,267.08,0
17709,17,137.45,0
17711,246,385.1,0
17712,215,522.91,0
17714,92,153.0,0
17715,384,326.4,0
17716,3072,5655.99,0
17718,83,139.35,0
17719,2466,5396.04,0
17720,576,1195.94,0
17722,1595,2424.04,0
17723,792,3276.4000000000005,0
17724,300,1033.0,0
17725,2162,3439.08,0
17727,645,1060.25,0
17728,1469,2876.01,0
17730,3576,5298.4800000000005,0
17731,493,1240.11,0
17732,93,303.97,0
17733,463,692.19,0
17734,422,700.63,0
17735,8439,13110.02,0
17736,238,377.44,0
17737,108,168.24,0
17738,1029,1879.05,0
17739,861,2791.35,0
17742,89,355.11,0
17744,3412,2322.4,0
17746,29,110.25,0
17747,12,71.4,0
17749,320,674.52,0
17750,3957,1797.57,0
17752,192,80.64,0
17754,1869,1772.26,0
17757,3320,5605.29,0
17758,2091,3456.7000000000003,0
17759,708,834.99,0
17760,239,287.59,0
17761,398,712.78,0
17763,12,15.0,0
17764,395,818.8199999999999,0
17765,144,371.88,0
17767,128,271.2,0
17768,1186,2273.1800000000003,0
17769,1862,3997.98,0
17770,365,1143.27,0
17771,287,245.81,0
17772,58,182.77,0
17774,512,1225.41,0
17775,72,56.4,0
17777,507,665.86,0
17779,397,658.57,0
17781,34,188.02,0
17783,354,283.47,0
17785,67,131.94,0
17786,200,278.74,0
17787,910,1865.19,0
17788,211,1117.9,0
17789,74,225.9,0
17790,836,1965.55,0
17791,46,106.1,0
17793,232,323.04,0
17795,341,350.39,0
17796,178,697.9,0
17797,498,780.43,0
17799,1758,3055.93,0
17800,736,1199.01,0
17802,752,1285.04,0
17805,478,512.31,0
17806,727,546.04,0
17809,2057,5411.91,0
17811,4177,7837.7300000000005,0
17812,350,732.16,0
17813,790,1770.8799999999999,0
17816,30,36.56,0
17817,67,387.68,0
17819,1031,3704.87,0
17824,408,298.4,0
17827,1247,1995.46,0
17828,667,1820.09,0
17829,496,889.24,0
17830,92,398.7,0
17831,12,35.400000000000006,0
17832,208,155.37,0
17835,348,350.64,0
17836,88,110.21000000000001,0
17837,518,1593.38,0
17838,1879,2779.3,0
17839,285,338.8,0
17841,23071,40991.57,2
17843,113,205.48,0
17844,52,51.559999999999995,0
17846,1,2033.1,0
17848,398,901.1999999999999,0
17849,114,605.8000000000001,0
17850,1733,5391.21,0
17852,53,114.34,0
17854,84,311.26,0
17855,197,208.97,0
17856,842,1418.03,0
17857,19256,26879.04,2
17858,2706,5155.66,0
17859,127,148.21,0
17860,104,252.8,0
17861,1988,2100.8,0
17862,100,330.9,0
17863,2638,3160.0,0
17864,810,597.5,0
17865,5757,10526.32,0
17866,174,329.65,0
17867,542,1197.1000000000001,0
17869,111,428.18,0
17870,1401,1894.35,0
17871,182,155.9,0
17873,1047,1859.16,0
17874,221,683.46,0
17877,98,237.61,0
17878,401,379.45,0
17879,45,178.51999999999998,0
17880,314,458.92,0
17881,32,133.35000000000002,0
17883,379,671.77,0
17884,854,717.45,0
17885,167,190.19,0
17886,481,899.61,0
17887,30,111.35,0
17888,980,726.05,0
17889,79,203.87,0
17890,416,602.09,0
17891,393,203.85999999999999,0
17892,109,244.1,0
17893,161,112.25,0
17894,405,1119.81,0
17895,130,98.0,0
17896,288,256.32,0
17897,229,566.6,0
17898,190,152.06,0
17899,171,155.8,0
17900,73,112.19999999999999,0
17901,24,110.38,0
17904,63,191.67,0
17905,407,800.24,0
17906,26,72.9,0
17908,173,243.28,0
17911,223,366.23,0
17912,185,311.01,0
17913,289,411.6,0
17914,473,336.43,0
17917,187,341.28,0
17919,756,1304.04,0
17920,2516,4204.1,0
17921,430,826.52,0
17923,50,207.50000000000003,0
17924,1160,2962.5,0
17925,72,244.08,0
17926,306,397.29,0
17928,140,212.54,0
17929,108,843.0,0
17930,1594,1740.48,0
17931,249,408.36,0
17932,789,1331.57,0
17934,478,704.25,0
17935,82,145.79,0
17936,262,389.84,0
17937,1754,4301.22,0
17939,40,99.14,0
17940,9755,4106.4400000000005,0
17941,252,304.56,0
17942,38,77.50000000000001,0
17946,75,149.57999999999998,0
17947,168,176.68,0
17948,144,358.56000000000006,0
17949,30546,58510.48,2
17950,366,482.2,0
17951,616,1008.5400000000001,0
17954,2234,2332.72,0
17955,273,557.3,0
17956,1,12.75,0
17957,287,111.68,0
17958,84,508.4599999999999,0
17960,41,73.78,0
17961,560,1296.44,0
17962,128,102.83,0
17964,301,471.7,0
17965,1556,2622.57,0
17966,2571,1098.43,0
17967,80,123.07,0
17968,160,277.35,0
17969,152,228.2,0
17970,525,582.59,0
17972,37,136.04,0
17973,176,337.04,0
17974,519,740.79,0
17975,1568,4488.81,0
17976,106,353.19,0
17977,342,288.14,0
17978,499,300.91999999999996,0
17979,397,757.71,0
17980,682,811.45,0
17984,98,152.68,0
17985,183,634.95,0
17986,10,20.8,0
17987,261,198.57,0
17988,43,201.12,0
17990,414,630.84,0
17991,25,93.35,0
17994,497,678.49,0
17995,133,76.1,0
17997,2298,1970.6699999999998,0
17999,221,382.06,0
18001,363,417.23,0
18004,78,169.47,0
18005,93,249.72,0
18006,220,444.68,0
18008,1581,2116.19,0
18009,126,257.34,0
18010,60,174.8,0
18011,71,102.78999999999999,0
18013,285,187.29,0
18014,68,166.42,0
18015,157,120.03,0
18016,1029,1483.56,0
18017,300,523.0,0
18018,55,122.14,0
18019,7,38.45,0
18022,736,668.11,0
18024,184,389.78,0
18027,78,115.31,0
18030,67,230.64999999999998,0
18032,42,73.5,0
18033,253,97.97,0
18034,561,422.88,0
18035,611,730.4,0
18036,234,405.62,0
18037,20,70.02,0
18040,148,357.20000000000005,0
18041,3819,4183.39,0
18042,33,165.04999999999998,0
18043,282,559.51,0
18044,1033,2088.6,0
18045,142,189.4,0
18048,127,172.29000000000002,0
18050,40,74.4,0
18053,302,300.02,0
18055,2455,6784.1900000000005,0
18056,211,363.65,0
18058,88,170.16,0
18059,258,306.46,0
18061,955,2119.41,0
18062,396,720.52,0
18064,384,814.0,0
18065,1027,2392.83,0
18066,108,318.0,0
18067,189,396.33,0
18068,6,101.69999999999999,0
18069,1311,2036.67,0
18071,260,453.0,0
18072,288,247.44,0
18073,3108,3877.5200000000004,0
18074,190,489.6,0
18075,1464,2611.75,0
18077,1878,2633.0099999999998,0
18078,145,336.13,0
18079,7432,3651.97,0
18080,642,1231.5,0
18081,195,343.45,0
18082,621,703.37,0
18084,312,90.47999999999999,0
18085,265,689.95,0
18086,106,101.34,0
18087,3907,4055.7199999999993,0
18088,109,167.67000000000002,0
18092,4252,9068.26,0
18093,1392,2106.52,0
18094,2518,3017.3,0
18095,419,580.0500000000001,0
18096,825,911.15,0
18097,1686,2697.8,0
18099,149,168.31,0
18101,88,223.65,0
18102,64124,259657.3,1
18104,362,754.64,0
18105,46,113.48000000000002,0
18106,128,430.7,0
18108,84,271.0,0
18109,4237,8052.97,0
18110,86,236.3,0
18112,255,352.69,0
18113,72,76.32000000000001,0
18114,55,220.1,0
18116,848,1418.03,0
18117,618,320.72,0
18118,2882,5653.82,0
18119,125,181.12,0
18120,31,111.15,0
18121,450,673.1,0
18122,1234,1826.21,0
18123,594,589.4399999999999,0
18125,804,1142.99,0
18126,144,206.82999999999998,0
18127,188,348.73,0
18129,48,112.55000000000001,0
18130,824,1059.39,0
18133,1350,931.4999999999999,0
18135,349,681.9100000000001,0
18136,379,784.33,0
18138,38,152.65,0
18139,5557,8438.34,0
18142,1276,1019.52,0
18143,570,1000.16,0
18144,1343,2888.75,0
18145,2625,2861.55,0
18146,153,160.35000000000002,0
18147,203,179.33999999999997,0
18149,310,612.0799999999999,0
18150,332,566.58,0
18151,355,653.35,0
18154,255,399.19,0
18155,266,371.62,0
18156,301,734.94,0
18158,354,453.4,0
18159,139,530.15,0
18160,294,638.0600000000001,0
18161,812,1618.69,0
18164,184,399.65000000000003,0
18165,254,302.46000000000004,0
18167,382,1384.8600000000001,0
18168,594,1169.94,0
18169,61,202.65,0
18170,409,980.31,0
18171,481,1231.31,0
18172,3184,7561.68,0
18173,1220,2106.84,0
18174,50,104.0,0
18176,283,476.35,0
18177,710,1341.42,0
18178,983,1590.81,0
18179,1360,1793.17,0
18180,1721,1843.75,0
18181,146,382.8,0
18183,371,632.07,0
18184,60,49.8,0
18185,183,304.25,0
18188,1168,2001.04,0
18189,566,1090.24,0
18190,140,284.46000000000004,0
18191,140,207.79999999999998,0
18192,339,957.97,0
18193,124,243.76,0
18194,632,973.8399999999999,0
18196,433,689.13,0
18198,4074,5425.56,0
18200,111,163.8,0
18202,581,1396.99,0
18203,43,160.42000000000002,0
18204,1200,1993.7,0
18205,192,517.36,0
18209,58,139.10000000000002,0
18210,1398,2621.38,0
18211,359,600.07,0
18212,101,248.42,0
18213,232,232.48000000000002,0
18215,118,299.34000000000003,0
18216,200,481.75,0
18217,491,621.75,0
18218,584,662.08,0
18219,885,2069.77,0
18220,288,305.28000000000003,0
18221,791,1041.61,0
18222,335,443.0,0
18223,2948,6484.54,0
18224,69,158.95000000000002,0
18225,3244,5509.12,0
18226,3466,5228.05,0
18227,21,93.75,0
18228,238,779.9,0
18229,2488,7276.900000000001,0
18230,1316,2810.2000000000003,0
18231,821,2083.27,0
18232,302,592.97,0
18233,4,440.0,0
18235,1578,1796.48,0
18236,403,882.24,0
18237,622,987.1,0
18239,795,1561.6100000000001,0
18240,126,422.58,0
18241,1051,2073.09,0
18242,1017,2232.4900000000002,0
18245,1788,2567.06,0
18246,166,596.1,0
18248,511,804.02,0
18249,128,95.34,0
18250,199,349.27,0
18251,7824,4314.72,0
18252,239,526.67,0
18255,74,103.3,0
18257,1041,2337.63,0
18259,714,2338.6000000000004,0
18260,1478,2643.2000000000003,0
18261,146,324.24,0
18262,182,149.48,0
18263,1468,1213.1599999999999,0
18265,311,801.51,0
18268,2,25.5,0
18269,76,168.6,0
18270,101,283.15,0
18272,2050,3078.58,0
18273,80,204.0,0
18274,88,175.92,0
18276,186,335.86,0
18277,68,110.38,0
18278,66,173.9,0
18280,45,180.60000000000002,0
18281,54,80.82,0
18282,103,178.05,0
18283,1397,2094.88,0
18287,1586,1837.28,0
